Time,Etot,Epot,Ekin,Elj12,Elj6,Temp
0.000000, -33995.757812, -34990.992188, 995.234985, 26049.818359, -61041.125000, 19.960590
0.010000, -33965.777344, -34984.828125, 1019.050415, 26064.423828, -61049.562500, 20.438234
0.020000, -33935.828125, -34967.953125, 1032.126831, 26103.830078, -61072.093750, 20.700499
0.030000, -33906.007812, -34940.398438, 1034.390381, 26168.160156, -61108.871094, 20.745895
0.040000, -33875.769531, -34901.792969, 1026.024292, 26257.000000, -61159.105469, 20.578106
0.050000, -33845.949219, -34853.441406, 1007.492249, 26369.019531, -61222.773438, 20.206425
0.060000, -33816.058594, -34795.621094, 979.563660, 26502.408203, -61298.339844, 19.646282
0.070000, -33786.082031, -34729.390625, 943.306702, 26654.902344, -61384.601562, 18.919107
0.080000, -33756.214844, -34656.332031, 900.115601, 26823.421875, -61480.066406, 18.052860
0.090000, -33726.265625, -34577.953125, 851.685852, 27004.449219, -61582.707031, 17.081545
0.100000, -33696.464844, -34496.472656, 800.006897, 27193.947266, -61690.718750, 16.045065
0.110000, -33666.390625, -34413.691406, 747.302673, 27387.662109, -61801.656250, 14.988019
0.120000, -33636.464844, -34332.429688, 695.966431, 27580.841797, -61913.570312, 13.958412
0.130000, -33606.500000, -34254.953125, 648.454651, 27769.113281, -62024.363281, 13.005508
0.140000, -33576.574219, -34183.738281, 607.165710, 27947.890625, -62131.925781, 12.177411
0.150000, -33546.500000, -34120.804688, 574.303406, 28113.412109, -62234.511719, 11.518319
0.160000, -33516.605469, -34068.335938, 551.731628, 28262.369141, -62330.996094, 11.065617
0.170000, -33486.562500, -34027.394531, 540.832275, 28392.394531, -62420.078125, 10.847017
0.180000, -33456.644531, -33999.031250, 542.385681, 28502.244141, -62501.562500, 10.878173
0.190000, -33426.707031, -33983.199219, 556.492981, 28591.703125, -62575.199219, 11.161111
0.200000, -33396.863281, -33979.398438, 582.535278, 28662.027344, -62641.722656, 11.683418
0.210000, -33366.800781, -33986.023438, 619.223389, 28715.382812, -62701.703125, 12.419242
0.220000, -33336.886719, -34001.582031, 664.694580, 28755.171875, -62757.046875, 13.331220
0.230000, -33306.949219, -34023.636719, 716.687927, 28785.386719, -62809.316406, 14.374005
0.240000, -33276.984375, -34049.714844, 772.730164, 28810.423828, -62860.429688, 15.497998
0.250000, -33246.984375, -34077.316406, 830.332581, 28834.873047, -62912.480469, 16.653282
0.260000, -33217.070312, -34104.234375, 887.164124, 28862.908203, -62967.433594, 17.793104
0.270000, -33187.218750, -34128.410156, 941.192322, 28898.382812, -63027.082031, 18.876701
0.280000, -33157.285156, -34148.070312, 990.783813, 28944.392578, -63092.753906, 19.871315
0.290000, -33127.371094, -34162.148438, 1034.777832, 29003.021484, -63165.460938, 20.753668
0.300000, -33097.292969, -34169.792969, 1072.501709, 29075.781250, -63245.859375, 21.510262
0.310000, -33067.390625, -34171.167969, 1103.778809, 29162.931641, -63334.386719, 22.137562
0.320000, -33037.539062, -34166.449219, 1128.911743, 29263.955078, -63430.687500, 22.641632
0.330000, -33007.496094, -34156.109375, 1148.612061, 29377.748047, -63534.132812, 23.036743
0.340000, -32977.648438, -34141.589844, 1163.942505, 29502.111328, -63643.972656, 23.344213
0.350000, -32947.804688, -34124.035156, 1176.229492, 29634.722656, -63759.027344, 23.590643
0.360000, -32917.617188, -34104.578125, 1186.962158, 29772.832031, -63877.671875, 23.805901
0.370000, -32887.753906, -34085.417969, 1197.665771, 29913.341797, -63999.019531, 24.020573
0.380000, -32857.792969, -34067.593750, 1209.800293, 30053.410156, -64121.265625, 24.263945
0.390000, -32827.792969, -34052.453125, 1224.660034, 30190.519531, -64243.234375, 24.561975
0.400000, -32798.031250, -34041.308594, 1243.276245, 30322.388672, -64363.957031, 24.935343
0.410000, -32768.003906, -34034.363281, 1266.358765, 30447.724609, -64482.347656, 25.398291
0.420000, -32738.107422, -34032.351562, 1294.243530, 30565.269531, -64597.878906, 25.957552
0.430000, -32708.259766, -34035.164062, 1326.905151, 30674.949219, -64710.367188, 26.612619
0.440000, -32678.218750, -34042.183594, 1363.964111, 30777.140625, -64819.578125, 27.355879
0.450000, -32648.328125, -34053.058594, 1404.730835, 30872.587891, -64925.894531, 28.173502
0.460000, -32618.429688, -34066.714844, 1448.284790, 30963.027344, -65029.988281, 29.047028
0.470000, -32588.468750, -34082.015625, 1493.547729, 31050.140625, -65132.398438, 29.954826
0.480000, -32558.509766, -34097.855469, 1539.346558, 31135.992188, -65234.082031, 30.873377
0.490000, -32528.632812, -34113.156250, 1584.524414, 31222.505859, -65335.894531, 31.779472
0.500000, -32498.660156, -34126.648438, 1627.989014, 31311.906250, -65438.781250, 32.651207
0.510000, -32468.820312, -34137.621094, 1668.800781, 31405.667969, -65543.515625, 33.469734
0.520000, -32438.882812, -34145.082031, 1706.199097, 31505.500000, -65650.804688, 34.219799
0.530000, -32408.873047, -34148.531250, 1739.657471, 31612.378906, -65761.132812, 34.890846
0.540000, -32378.980469, -34147.847656, 1768.867065, 31726.990234, -65875.062500, 35.476673
0.550000, -32349.097656, -34142.882812, 1793.786011, 31849.619141, -65992.710938, 35.976456
0.560000, -32318.990234, -34133.578125, 1814.587402, 31979.929688, -66113.718750, 36.393650
0.570000, -32289.070312, -34120.757812, 1831.687500, 32117.250000, -66238.218750, 36.736614
0.580000, -32259.294922, -34104.984375, 1845.689575, 32260.460938, -66365.656250, 37.017441
0.590000, -32229.273438, -34086.667969, 1857.395508, 32408.328125, -66495.203125, 37.252216
0.600000, -32199.365234, -34067.066406, 1867.700439, 32559.140625, -66626.414062, 37.458893
0.610000, -32169.238281, -34046.777344, 1877.538940, 32711.228516, -66758.210938, 37.656216
0.620000, -32139.527344, -34027.351562, 1887.824463, 32862.832031, -66890.390625, 37.862503
0.630000, -32109.580078, -34008.933594, 1899.354004, 33012.441406, -67021.578125, 38.093742
0.640000, -32079.716797, -33992.464844, 1912.748291, 33158.851562, -67151.515625, 38.362381
0.650000, -32049.654297, -33978.070312, 1928.415527, 33301.062500, -67279.328125, 38.676605
0.660000, -32019.796875, -33966.343750, 1946.547363, 33438.531250, -67405.070312, 39.040260
0.670000, -31989.853516, -33956.992188, 1967.138672, 33571.015625, -67528.203125, 39.453243
0.680000, -31960.007812, -33950.027344, 1990.020386, 33698.656250, -67648.867188, 39.912163
0.690000, -31930.021484, -33944.925781, 2014.904541, 33821.707031, -67766.812500, 40.411243
0.700000, -31900.076172, -33941.496094, 2041.420532, 33940.714844, -67882.390625, 40.943050
0.710000, -31870.191406, -33939.347656, 2069.156982, 34056.300781, -67995.820312, 41.499336
0.720000, -31840.330078, -33937.957031, 2097.627441, 34169.187500, -68107.312500, 42.070347
0.730000, -31810.417969, -33936.753906, 2126.336182, 34280.289062, -68217.210938, 42.646130
0.740000, -31780.414062, -33935.191406, 2154.776367, 34390.457031, -68325.812500, 43.216534
0.750000, -31750.500000, -33932.960938, 2182.460693, 34500.472656, -68433.593750, 43.771774
0.760000, -31720.599609, -33929.582031, 2208.982910, 34610.957031, -68540.695312, 44.303711
0.770000, -31690.664062, -33924.730469, 2234.065918, 34722.574219, -68647.460938, 44.806782
0.780000, -31660.593750, -33918.164062, 2257.570068, 34835.671875, -68753.992188, 45.278179
0.790000, -31630.687500, -33910.175781, 2279.487305, 34950.121094, -68860.453125, 45.717754
0.800000, -31600.855469, -33900.738281, 2299.883057, 35065.894531, -68966.789062, 46.126820
0.810000, -31570.853516, -33889.726562, 2318.873047, 35182.941406, -69072.820312, 46.507679
0.820000, -31541.119141, -33877.660156, 2336.541260, 35300.988281, -69178.796875, 46.862038
0.830000, -31511.056641, -33864.058594, 2353.002197, 35419.710938, -69283.914062, 47.192184
0.840000, -31481.240234, -33849.605469, 2368.364990, 35538.851562, -69388.601562, 47.500301
0.850000, -31451.322266, -33834.175781, 2382.854248, 35657.898438, -69492.218750, 47.790901
0.860000, -31421.347656, -33818.156250, 2396.807861, 35776.183594, -69594.484375, 48.070755
0.870000, -31391.359375, -33802.054688, 2410.695557, 35893.011719, -69695.210938, 48.349289
0.880000, -31361.333984, -33786.406250, 2425.072998, 36007.398438, -69793.945312, 48.637646
0.890000, -31331.439453, -33771.945312, 2440.506104, 36118.414062, -69890.500000, 48.947178
0.900000, -31301.546875, -33759.007812, 2457.460693, 36225.453125, -69984.601562, 49.287216
0.910000, -31271.558594, -33747.785156, 2476.227295, 36328.179688, -70076.101562, 49.663605
0.920000, -31241.667969, -33738.480469, 2496.812744, 36426.484375, -70165.101562, 50.076469
0.930000, -31211.746094, -33730.699219, 2518.952148, 36520.871094, -70251.703125, 50.520500
0.940000, -31181.865234, -33723.992188, 2542.127197, 36612.160156, -70336.281250, 50.985302
0.950000, -31151.902344, -33717.527344, 2565.624023, 36701.429688, -70419.085938, 51.456558
0.960000, -31122.091797, -33710.734375, 2588.643311, 36789.855469, -70500.718750, 51.918240
0.970000, -31091.910156, -33702.324219, 2610.413818, 36878.765625, -70581.218750, 52.354870
0.980000, -31062.177734, -33692.472656, 2630.295654, 36968.812500, -70661.406250, 52.753624
0.990000, -31032.222656, -33680.136719, 2647.914795, 37060.906250, -70741.164062, 53.106995
1.000000, -31002.332031, -33665.519531, 2663.187500, 37155.019531, -70820.648438, 53.413307
1.010000, -30972.359375, -33648.703125, 2676.342773, 37250.851562, -70899.664062, 53.677151
1.020000, -30942.357422, -33630.273438, 2687.916016, 37347.511719, -70977.890625, 53.909267
1.030000, -30912.625000, -33611.296875, 2698.671387, 37443.933594, -71055.335938, 54.124977
1.040000, -30882.728516, -33592.250000, 2709.521240, 37538.769531, -71131.125000, 54.342583
1.050000, -30852.746094, -33574.117188, 2721.372070, 37630.589844, -71204.812500, 54.580269
1.060000, -30822.636719, -33557.675781, 2735.038818, 37718.281250, -71276.062500, 54.854366
1.070000, -30792.916016, -33543.960938, 2751.044189, 37800.730469, -71344.796875, 55.175377
1.080000, -30762.871094, -33532.507812, 2769.637207, 37877.886719, -71410.500000, 55.548275
1.090000, -30733.027344, -33523.730469, 2790.703125, 37949.593750, -71473.429688, 55.970779
1.100000, -30703.048828, -33516.906250, 2813.858154, 38016.589844, -71533.601562, 56.435184
1.110000, -30673.332031, -33511.839844, 2838.506836, 38079.656250, -71591.593750, 56.929539
1.120000, -30643.351562, -33507.250000, 2863.897949, 38140.082031, -71647.429688, 57.438789
1.130000, -30613.197266, -33502.468750, 2889.271973, 38199.019531, -71701.585938, 57.947693
1.140000, -30583.388672, -33497.300781, 2913.912842, 38257.593750, -71754.992188, 58.441891
1.150000, -30553.382812, -33490.656250, 2937.273926, 38316.980469, -71807.734375, 58.910431
1.160000, -30523.578125, -33482.542969, 2958.965820, 38377.660156, -71860.296875, 59.345482
1.170000, -30493.707031, -33472.468750, 2978.762207, 38440.531250, -71913.093750, 59.742519
1.180000, -30463.605469, -33460.109375, 2996.504883, 38505.765625, -71965.968750, 60.098370
1.190000, -30433.808594, -33445.828125, 3012.020264, 38573.683594, -72019.601562, 60.409550
1.200000, -30403.779297, -33428.882812, 3025.104248, 38644.808594, -72073.781250, 60.671970
1.210000, -30373.777344, -33409.316406, 3035.538818, 38719.312500, -72128.718750, 60.881245
1.220000, -30344.070312, -33387.273438, 3043.203613, 38797.300781, -72184.664062, 61.034969
1.230000, -30314.066406, -33362.203125, 3048.137207, 38878.527344, -72240.820312, 61.133915
1.240000, -30284.289062, -33334.949219, 3050.660889, 38962.335938, -72297.375000, 61.184532
1.250000, -30254.316406, -33305.691406, 3051.375488, 39047.687500, -72353.468750, 61.198864
1.260000, -30224.171875, -33275.320312, 3051.148926, 39133.261719, -72408.671875, 61.194324
1.270000, -30194.201172, -33245.187500, 3050.986816, 39217.058594, -72462.335938, 61.191067
1.280000, -30164.416016, -33216.359375, 3051.943604, 39297.507812, -72513.953125, 61.210262
1.290000, -30134.617188, -33189.656250, 3055.038330, 39372.976562, -72562.710938, 61.272327
1.300000, -30104.769531, -33165.914062, 3061.145264, 39441.820312, -72607.812500, 61.394814
1.310000, -30074.767578, -33145.699219, 3070.931885, 39503.363281, -72649.140625, 61.591095
1.320000, -30044.855469, -33129.605469, 3084.749268, 39556.589844, -72686.273438, 61.868214
1.330000, -30014.800781, -33117.445312, 3102.643555, 39601.832031, -72719.351562, 62.227104
1.340000, -29984.873047, -33109.113281, 3124.239746, 39639.429688, -72748.617188, 62.660240
1.350000, -29954.890625, -33103.679688, 3148.788574, 39670.824219, -72774.578125, 63.152599
1.360000, -29924.964844, -33100.230469, 3175.264893, 39697.468750, -72797.773438, 63.683609
1.370000, -29895.167969, -33097.667969, 3202.499512, 39721.382812, -72819.125000, 64.229836
1.380000, -29865.367188, -33094.789062, 3229.421631, 39744.320312, -72839.179688, 64.769783
1.390000, -29835.330078, -33090.476562, 3255.146484, 39767.882812, -72858.429688, 65.285728
1.400000, -29805.400391, -33084.359375, 3278.959717, 39793.296875, -72877.726562, 65.763329
1.410000, -29775.457031, -33075.777344, 3300.321045, 39821.804688, -72897.648438, 66.191765
1.420000, -29745.460938, -33064.226562, 3318.765869, 39854.027344, -72918.320312, 66.561691
1.430000, -29715.669922, -33049.484375, 3333.813721, 39891.039062, -72940.585938, 66.863495
1.440000, -29685.667969, -33030.734375, 3345.066162, 39933.429688, -72964.226562, 67.089172
1.450000, -29655.687500, -33007.898438, 3352.211670, 39981.734375, -72989.695312, 67.232483
1.460000, -29625.980469, -32981.089844, 3355.109863, 40035.863281, -73017.015625, 67.290611
1.470000, -29595.869141, -32949.738281, 3353.868408, 40095.824219, -73045.625000, 67.265717
1.480000, -29565.808594, -32914.625000, 3348.817139, 40161.054688, -73075.742188, 67.164398
1.490000, -29535.972656, -32876.484375, 3340.511475, 40230.152344, -73106.695312, 66.997826
1.500000, -29506.339844, -32836.050781, 3329.711670, 40302.218750, -73138.328125, 66.781227
1.510000, -29476.203125, -32793.652344, 3317.449219, 40375.664062, -73169.375000, 66.535286
1.520000, -29446.337891, -32751.273438, 3304.935303, 40448.449219, -73199.781250, 66.284302
1.530000, -29416.394531, -32709.878906, 3293.484863, 40518.609375, -73228.546875, 66.054649
1.540000, -29386.500000, -32670.826172, 3284.325684, 40584.429688, -73255.312500, 65.870949
1.550000, -29356.755859, -32635.080078, 3278.323486, 40644.570312, -73279.703125, 65.750572
1.560000, -29326.660156, -32602.392578, 3275.732422, 40698.734375, -73301.179688, 65.698608
1.570000, -29296.583984, -32572.830078, 3276.246338, 40746.945312, -73319.828125, 65.708916
1.580000, -29266.830078, -32545.894531, 3279.064941, 40790.257812, -73336.203125, 65.765442
1.590000, -29236.898438, -32520.277344, 3283.378418, 40829.695312, -73350.023438, 65.851952
1.600000, -29206.958984, -32495.554688, 3288.595215, 40866.003906, -73361.609375, 65.956581
1.610000, -29177.007812, -32471.638672, 3294.631348, 40899.585938, -73371.273438, 66.077644
1.620000, -29147.039062, -32448.728516, 3301.690186, 40930.031250, -73378.804688, 66.219215
1.630000, -29117.238281, -32427.314453, 3310.075684, 40957.210938, -73384.570312, 66.387405
1.640000, -29087.087891, -32406.880859, 3319.793701, 40981.191406, -73388.117188, 66.582306
1.650000, -29057.380859, -32387.865234, 3330.484375, 41002.488281, -73390.398438, 66.796715
1.660000, -29027.281250, -32368.595703, 3341.313477, 41022.429688, -73391.070312, 67.013901
1.670000, -28997.593750, -32348.876953, 3351.283936, 41042.101562, -73391.023438, 67.213875
1.680000, -28967.574219, -32327.070312, 3359.495361, 41062.910156, -73390.023438, 67.378571
1.690000, -28937.562500, -32302.935547, 3365.372314, 41085.382812, -73388.359375, 67.496437
1.700000, -28907.681641, -32276.492188, 3368.809814, 41109.523438, -73386.054688, 67.565376
1.710000, -28877.675781, -32247.851562, 3370.176758, 41134.867188, -73382.757812, 67.592796
1.720000, -28847.742188, -32218.029297, 3370.286377, 41160.066406, -73378.132812, 67.594994
1.730000, -28817.843750, -32188.158203, 3370.315430, 41183.476562, -73371.671875, 67.595573
1.740000, -28787.927734, -32159.632812, 3371.704590, 41203.042969, -73362.710938, 67.623436
1.750000, -28758.125000, -32134.046875, 3375.922607, 41216.496094, -73350.578125, 67.708038
1.760000, -28728.324219, -32112.527344, 3384.203125, 41222.304688, -73334.867188, 67.874115
1.770000, -28698.203125, -32095.439453, 3397.236084, 41219.589844, -73315.062500, 68.135506
1.780000, -28668.341797, -32083.517578, 3415.175537, 41208.074219, -73291.625000, 68.495300
1.790000, -28638.324219, -32076.083984, 3437.759766, 41188.171875, -73264.289062, 68.948250
1.800000, -28608.476562, -32072.751953, 3464.275635, 41161.324219, -73234.109375, 69.480057
1.810000, -28578.587891, -32072.214844, 3493.627441, 41129.027344, -73201.273438, 70.068748
1.820000, -28548.546875, -32072.695312, 3524.147949, 41094.289062, -73167.015625, 70.680862
1.830000, -28518.640625, -32072.226562, 3553.585693, 41060.234375, -73132.492188, 71.271278
1.840000, -28488.857422, -32068.371094, 3579.513916, 41030.285156, -73098.687500, 71.791298
1.850000, -28458.791016, -32058.759766, 3599.968018, 41007.351562, -73066.140625, 72.201523
1.860000, -28428.925781, -32043.041016, 3614.115967, 40992.453125, -73035.523438, 72.485283
1.870000, -28398.919922, -32021.423828, 3622.504150, 40985.117188, -73006.570312, 72.653511
1.880000, -28369.017578, -31995.912109, 3626.895020, 40982.707031, -72978.648438, 72.741570
1.890000, -28339.181641, -31968.826172, 3629.644287, 40982.136719, -72950.992188, 72.796715
1.900000, -28309.337891, -31942.431641, 3633.093262, 40979.871094, -72922.335938, 72.865891
1.910000, -28279.339844, -31918.326172, 3638.986328, 40973.328125, -72891.687500, 72.984077
1.920000, -28249.330078, -31897.652344, 3648.321533, 40960.777344, -72858.460938, 73.171318
1.930000, -28219.656250, -31880.957031, 3661.301758, 40941.558594, -72822.546875, 73.431648
1.940000, -28189.464844, -31867.042969, 3677.578857, 40916.097656, -72783.171875, 73.758102
1.950000, -28159.644531, -31856.257812, 3696.613037, 40884.679688, -72740.968750, 74.139854
1.960000, -28129.794922, -31847.652344, 3717.858154, 40848.316406, -72696.000000, 74.565948
1.970000, -28099.769531, -31840.687500, 3740.917725, 40807.421875, -72648.140625, 75.028435
1.980000, -28069.753906, -31835.304688, 3765.551758, 40762.656250, -72597.992188, 75.522499
1.990000, -28040.000000, -31831.666016, 3791.666260, 40714.058594, -72545.757812, 76.046249
2.000000, -28009.951172, -31829.199219, 3819.248047, 40662.074219, -72491.304688, 76.599434
2.010000, -27980.099609, -31828.404297, 3848.304932, 40606.718750, -72435.156250, 77.182213
2.020000, -27949.957031, -31828.712891, 3878.756348, 40548.378906, -72377.125000, 77.792946
2.030000, -27920.330078, -31830.626953, 3910.297363, 40487.410156, -72318.070312, 78.425537
2.040000, -27890.357422, -31832.564453, 3942.207275, 40425.128906, -72257.726562, 79.065529
2.050000, -27860.322266, -31833.724609, 3973.403076, 40362.960938, -72196.718750, 79.691193
2.060000, -27830.431641, -31833.037109, 4002.605469, 40302.812500, -72135.882812, 80.276886
2.070000, -27800.527344, -31829.099609, 4028.571289, 40246.000000, -72075.132812, 80.797653
2.080000, -27770.576172, -31820.978516, 4050.402344, 40194.082031, -72015.093750, 81.235497
2.090000, -27740.730469, -31808.486328, 4067.756592, 40147.175781, -71955.695312, 81.583565
2.100000, -27710.753906, -31791.787109, 4081.032959, 40104.687500, -71896.507812, 81.849838
2.110000, -27680.763672, -31772.056641, 4091.293701, 40065.136719, -71837.226562, 82.055634
2.120000, -27650.988281, -31751.115234, 4100.126465, 40026.179688, -71777.328125, 82.232780
2.130000, -27621.021484, -31730.201172, 4109.179199, 39985.601562, -71715.835938, 82.414337
2.140000, -27591.083984, -31710.894531, 4119.810059, 39941.386719, -71652.312500, 82.627556
2.150000, -27561.257812, -31694.042969, 4132.786133, 39892.378906, -71586.453125, 82.887810
2.160000, -27531.179688, -31679.453125, 4148.272949, 39838.320312, -71517.804688, 83.198418
2.170000, -27501.386719, -31667.359375, 4165.972656, 39779.593750, -71446.984375, 83.553406
2.180000, -27471.472656, -31656.839844, 4185.366699, 39716.800781, -71373.671875, 83.942368
2.190000, -27441.384766, -31647.195312, 4205.810547, 39651.265625, -71298.492188, 84.352402
2.200000, -27411.589844, -31638.343750, 4226.754883, 39583.593750, -71221.968750, 84.772461
2.210000, -27381.828125, -31629.496094, 4247.668457, 39514.855469, -71144.382812, 85.191902
2.220000, -27351.873047, -31619.996094, 4268.123535, 39445.917969, -71065.945312, 85.602158
2.230000, -27321.816406, -31609.484375, 4287.668945, 39377.359375, -70986.875000, 85.994164
2.240000, -27291.841797, -31597.718750, 4305.877441, 39310.023438, -70907.773438, 86.359344
2.250000, -27261.968750, -31584.421875, 4322.453125, 39244.140625, -70828.593750, 86.691803
2.260000, -27232.031250, -31569.468750, 4337.437500, 39179.921875, -70749.421875, 86.992332
2.270000, -27202.173828, -31553.417969, 4351.244141, 39116.417969, -70669.867188, 87.269234
2.280000, -27172.115234, -31536.683594, 4364.568848, 39052.910156, -70589.625000, 87.536476
2.290000, -27142.265625, -31520.296875, 4378.030273, 38988.109375, -70508.437500, 87.806465
2.300000, -27112.488281, -31504.300781, 4391.813477, 38921.996094, -70426.328125, 88.082901
2.310000, -27082.435547, -31488.171875, 4405.735840, 38854.507812, -70342.710938, 88.362137
2.320000, -27052.490234, -31471.886719, 4419.395996, 38785.605469, -70257.523438, 88.636101
2.330000, -27022.583984, -31455.115234, 4432.531250, 38715.691406, -70170.835938, 88.899544
2.340000, -26992.730469, -31438.037109, 4445.307129, 38644.535156, -70082.601562, 89.155785
2.350000, -26962.814453, -31421.099609, 4458.285156, 38571.078125, -69992.203125, 89.416069
2.360000, -26932.683594, -31404.974609, 4472.291504, 38494.359375, -69899.359375, 89.696976
2.370000, -26902.824219, -31390.908203, 4488.083984, 38413.191406, -69804.125000, 90.013718
2.380000, -26872.962891, -31379.095703, 4506.132812, 38327.011719, -69706.132812, 90.375702
2.390000, -26843.062500, -31369.642578, 4526.579102, 38235.667969, -69605.335938, 90.785782
2.400000, -26813.195312, -31362.490234, 4549.294922, 38139.203125, -69501.718750, 91.241379
2.410000, -26783.099609, -31357.087891, 4573.988281, 38038.082031, -69395.195312, 91.736633
2.420000, -26753.257812, -31353.371094, 4600.112793, 37933.066406, -69286.460938, 92.260590
2.430000, -26723.326172, -31350.257812, 4626.932129, 37825.203125, -69175.484375, 92.798477
2.440000, -26693.554688, -31347.082031, 4653.527832, 37715.636719, -69062.742188, 93.331886
2.450000, -26663.628906, -31342.595703, 4678.967285, 37605.812500, -68948.429688, 93.842102
2.460000, -26633.562500, -31336.154297, 4702.590820, 37496.550781, -68832.726562, 94.315903
2.470000, -26603.615234, -31327.599609, 4723.984863, 37388.527344, -68716.148438, 94.744980
2.480000, -26573.701172, -31316.880859, 4743.179688, 37281.636719, -68598.539062, 95.129959
2.490000, -26543.853516, -31304.375000, 4760.521484, 37175.574219, -68479.968750, 95.477768
2.500000, -26513.941406, -31290.746094, 4776.805176, 37069.195312, -68359.960938, 95.804359
2.510000, -26484.113281, -31276.925781, 4792.812012, 36961.632812, -68238.578125, 96.125389
2.520000, -26454.044922, -31263.101562, 4809.056152, 36852.238281, -68115.359375, 96.451187
2.530000, -26424.160156, -31249.585938, 4825.425293, 36741.003906, -67990.609375, 96.779488
2.540000, -26394.328125, -31235.568359, 4841.240234, 36628.531250, -67864.117188, 97.096680
2.550000, -26364.308594, -31219.962891, 4855.654297, 36515.878906, -67735.859375, 97.385765
2.560000, -26334.363281, -31202.425781, 4868.063477, 36403.527344, -67605.968750, 97.634644
2.570000, -26304.562500, -31183.019531, 4878.457520, 36291.238281, -67474.273438, 97.843109
2.580000, -26274.564453, -31161.949219, 4887.384766, 36177.980469, -67339.945312, 98.022163
2.590000, -26244.660156, -31140.566406, 4895.905273, 36062.300781, -67202.882812, 98.193054
2.600000, -26214.681641, -31119.796875, 4905.114746, 35942.742188, -67062.554688, 98.377754
2.610000, -26184.859375, -31100.691406, 4915.831055, 35817.824219, -66918.531250, 98.592682
2.620000, -26154.910156, -31083.279297, 4928.368164, 35687.136719, -66770.429688, 98.844124
2.630000, -26125.011719, -31067.673828, 4942.661133, 35550.710938, -66618.398438, 99.130791
2.640000, -26094.943359, -31053.357422, 4958.414551, 35408.957031, -66462.328125, 99.446739
2.650000, -26065.066406, -31040.353516, 4975.288086, 35262.218750, -66302.585938, 99.785156
2.660000, -26035.121094, -31028.103516, 4992.981445, 35111.023438, -66139.140625, 100.140022
2.670000, -26005.281250, -31016.458984, 5011.177246, 34955.738281, -65972.210938, 100.504959
2.680000, -25975.351562, -31004.888672, 5029.536133, 34797.019531, -65801.921875, 100.873169
2.690000, -25945.361328, -30992.845703, 5047.484863, 34635.523438, -65628.382812, 101.233154
2.700000, -25915.486328, -30979.814453, 5064.327637, 34472.105469, -65451.933594, 101.570953
2.710000, -25885.654297, -30964.992188, 5079.337402, 34307.585938, -65272.589844, 101.871994
2.720000, -25855.707031, -30947.824219, 5092.116211, 34142.375000, -65090.210938, 102.128281
2.730000, -25825.765625, -30928.753906, 5102.987305, 33976.003906, -64904.769531, 102.346321
2.740000, -25795.808594, -30908.847656, 5113.039551, 33807.062500, -64715.921875, 102.547928
2.750000, -25765.830078, -30889.652344, 5123.822754, 33633.417969, -64523.082031, 102.764198
2.760000, -25735.982422, -30872.726562, 5136.743652, 33453.445312, -64326.183594, 103.023338
2.770000, -25706.039062, -30858.582031, 5152.542480, 33266.343750, -64124.937500, 103.340202
2.780000, -25676.109375, -30847.273438, 5171.163086, 33072.343750, -63919.628906, 103.713661
2.790000, -25646.187500, -30838.011719, 5191.823242, 32872.824219, -63710.847656, 104.128014
2.800000, -25616.300781, -30829.580078, 5213.278809, 32669.767578, -63499.359375, 104.558342
2.810000, -25586.435547, -30820.640625, 5234.204590, 32465.105469, -63285.757812, 104.978035
2.820000, -25556.509766, -30809.966797, 5253.457520, 32260.947266, -63070.925781, 105.364174
2.830000, -25526.484375, -30796.816406, 5270.332031, 32058.632812, -62855.460938, 105.702606
2.840000, -25496.574219, -30781.169922, 5284.596191, 31858.705078, -62639.886719, 105.988686
2.850000, -25466.726562, -30763.117188, 5296.391113, 31661.503906, -62424.632812, 106.225250
2.860000, -25436.685547, -30742.732422, 5306.046387, 31466.740234, -62209.484375, 106.418900
2.870000, -25406.796875, -30720.810547, 5314.014648, 31274.080078, -61994.902344, 106.578705
2.880000, -25376.902344, -30697.630859, 5320.728516, 31083.095703, -61780.738281, 106.713364
2.890000, -25347.074219, -30673.734375, 5326.660156, 30893.265625, -61567.011719, 106.832329
2.900000, -25317.080078, -30649.298828, 5332.219238, 30704.259766, -61353.570312, 106.943825
2.910000, -25287.214844, -30624.769531, 5337.555664, 30516.054688, -61140.835938, 107.050858
2.920000, -25257.191406, -30599.792969, 5342.601074, 30328.691406, -60928.496094, 107.152054
2.930000, -25227.201172, -30574.330078, 5347.128906, 30142.720703, -60717.062500, 107.242859
2.940000, -25197.419922, -30548.179688, 5350.759277, 29958.730469, -60506.921875, 107.315674
2.950000, -25167.406250, -30520.519531, 5353.114258, 29777.435547, -60297.964844, 107.362900
2.960000, -25137.587891, -30491.412109, 5353.823730, 29599.343750, -60090.765625, 107.377129
2.970000, -25107.656250, -30460.283203, 5352.625977, 29424.867188, -59885.160156, 107.353111
2.980000, -25077.763672, -30427.216797, 5349.453125, 29254.167969, -59681.394531, 107.289474
2.990000, -25047.666016, -30392.175781, 5344.510254, 29087.255859, -59479.441406, 107.190331
3.000000, -25017.826172, -30356.087891, 5338.262207, 28923.185547, -59279.285156, 107.065025
3.010000, -24987.873047, -30319.232422, 5331.359863, 28761.513672, -59080.757812, 106.926598
3.020000, -24957.880859, -30282.394531, 5324.514160, 28601.240234, -58883.648438, 106.789299
3.030000, -24928.171875, -30246.359375, 5318.187012, 28441.777344, -58688.152344, 106.662399
3.040000, -24898.312500, -30210.710938, 5312.399414, 28283.281250, -58494.007812, 106.546318
3.050000, -24868.171875, -30174.933594, 5306.762695, 28126.361328, -58301.312500, 106.433266
3.060000, -24838.369141, -30139.105469, 5300.735840, 27971.554688, -58110.679688, 106.312393
3.070000, -24808.519531, -30102.496094, 5293.976074, 27819.310547, -57921.828125, 106.176826
3.080000, -24778.617188, -30065.066406, 5286.448730, 27669.853516, -57734.945312, 106.025856
3.090000, -24748.550781, -30026.927734, 5278.375977, 27522.833984, -57549.789062, 105.863937
3.100000, -24718.707031, -29988.759766, 5270.052734, 27377.724609, -57366.511719, 105.697006
3.110000, -24688.757812, -29950.494141, 5261.736816, 27234.164062, -57184.687500, 105.530228
3.120000, -24658.734375, -29912.363281, 5253.627930, 27091.720703, -57004.117188, 105.367584
3.130000, -24628.867188, -29874.775391, 5245.908203, 26950.005859, -56824.816406, 105.212761
3.140000, -24598.968750, -29837.660156, 5238.691895, 26808.613281, -56646.312500, 105.068024
3.150000, -24569.113281, -29801.271484, 5232.157227, 26667.068359, -56468.386719, 104.936966
3.160000, -24539.150391, -29765.683594, 5226.533203, 26525.126953, -56290.859375, 104.824181
3.170000, -24509.234375, -29731.250000, 5222.016113, 26382.218750, -56113.523438, 104.733582
3.180000, -24479.308594, -29698.099609, 5218.791016, 26238.156250, -55936.312500, 104.668892
3.190000, -24449.437500, -29666.304688, 5216.866699, 26092.695312, -55759.058594, 104.630295
3.200000, -24419.425781, -29635.568359, 5216.143066, 25946.150391, -55581.785156, 104.615784
3.210000, -24389.576172, -29605.984375, 5216.408203, 25798.789062, -55404.843750, 104.621109
3.220000, -24359.640625, -29576.992188, 5217.351562, 25651.248047, -55228.316406, 104.640022
3.230000, -24329.640625, -29548.292969, 5218.652832, 25504.029297, -55052.402344, 104.666122
3.240000, -24299.714844, -29519.679688, 5219.965820, 25357.783203, -54877.546875, 104.692459
3.250000, -24269.779297, -29490.695312, 5220.916016, 25213.218750, -54704.003906, 104.711510
3.260000, -24239.878906, -29461.103516, 5221.224121, 25070.990234, -54532.187500, 104.717690
3.270000, -24210.041016, -29430.746094, 5220.704590, 24931.640625, -54362.488281, 104.707268
3.280000, -24180.093750, -29399.431641, 5219.338867, 24795.380859, -54194.917969, 104.679878
3.290000, -24150.250000, -29367.419922, 5217.168945, 24662.410156, -54029.945312, 104.636353
3.300000, -24120.230469, -29334.501953, 5214.270996, 24532.982422, -53867.609375, 104.578239
3.310000, -24090.289062, -29300.896484, 5210.607422, 24407.292969, -53708.320312, 104.504768
3.320000, -24060.531250, -29266.455078, 5205.923828, 24285.761719, -53552.351562, 104.410835
3.330000, -24030.480469, -29230.318359, 5199.838379, 24169.146484, -53399.609375, 104.288773
3.340000, -24000.601562, -29192.425781, 5191.824707, 24058.093750, -53250.671875, 104.128059
3.350000, -23970.537109, -29152.023438, 5181.485840, 23953.171875, -53105.351562, 103.920692
3.360000, -23940.761719, -29109.425781, 5168.663574, 23854.406250, -52963.996094, 103.663528
3.370000, -23910.765625, -29064.380859, 5153.616211, 23761.457031, -52826.011719, 103.361740
3.380000, -23880.933594, -29017.789062, 5136.856445, 23673.548828, -52691.515625, 103.025604
3.390000, -23850.962891, -28970.111328, 5119.148438, 23589.386719, -52559.687500, 102.670441
3.400000, -23821.062500, -28922.449219, 5101.387207, 23507.626953, -52430.277344, 102.314217
3.410000, -23791.109375, -28875.593750, 5084.485352, 23426.669922, -52302.472656, 101.975243
3.420000, -23761.142578, -28830.417969, 5069.274902, 23345.455078, -52176.093750, 101.670174
3.430000, -23731.367188, -28787.650391, 5056.283203, 23262.871094, -52050.753906, 101.409607
3.440000, -23701.236328, -28746.843750, 5045.607422, 23178.734375, -51925.820312, 101.195496
3.450000, -23671.388672, -28708.302734, 5036.914551, 23093.193359, -51801.742188, 101.021141
3.460000, -23641.414062, -28670.941406, 5029.527832, 23007.130859, -51678.335938, 100.873001
3.470000, -23611.671875, -28634.402344, 5022.730957, 22921.267578, -51555.941406, 100.736679
3.480000, -23581.734375, -28597.691406, 5015.956543, 22836.390625, -51434.367188, 100.600815
3.490000, -23551.652344, -28560.515625, 5008.864258, 22753.017578, -51313.835938, 100.458572
3.500000, -23521.785156, -28523.125000, 5001.338867, 22671.023438, -51194.457031, 100.307640
3.510000, -23491.902344, -28485.312500, 4993.410645, 22590.572266, -51076.210938, 100.148628
3.520000, -23461.968750, -28447.132812, 4985.163086, 22511.466797, -50958.941406, 99.983223
3.530000, -23432.068359, -28408.841797, 4976.772949, 22433.480469, -50842.679688, 99.814934
3.540000, -23402.205078, -28370.576172, 4968.370605, 22356.363281, -50727.304688, 99.646423
3.550000, -23372.244141, -28332.328125, 4960.084473, 22279.890625, -50612.597656, 99.480232
3.560000, -23342.382812, -28294.441406, 4952.057617, 22203.820312, -50498.664062, 99.319252
3.570000, -23312.449219, -28256.927734, 4944.479492, 22127.855469, -50385.195312, 99.167259
3.580000, -23282.470703, -28220.044922, 4937.573730, 22051.726562, -50272.203125, 99.028755
3.590000, -23252.542969, -28184.121094, 4931.577637, 21975.005859, -50159.570312, 98.908501
3.600000, -23222.585938, -28149.259766, 4926.672852, 21897.529297, -50047.257812, 98.810127
3.610000, -23192.650391, -28115.603516, 4922.953125, 21819.195312, -49935.289062, 98.735527
3.620000, -23162.710938, -28082.972656, 4920.260742, 21740.357422, -49823.832031, 98.681526
3.630000, -23132.843750, -28051.107422, 4918.262695, 21661.375000, -49713.003906, 98.641449
3.640000, -23102.929688, -28019.498047, 4916.568359, 21582.992188, -49603.027344, 98.607468
3.650000, -23073.070312, -27987.851562, 4914.781738, 21505.791016, -49494.203125, 98.571632
3.660000, -23043.105469, -27955.779297, 4912.672852, 21430.154297, -49386.507812, 98.529343
3.670000, -23013.113281, -27923.285156, 4910.171875, 21356.445312, -49280.332031, 98.479179
3.680000, -22983.253906, -27890.533203, 4907.280273, 21284.544922, -49175.703125, 98.421188
3.690000, -22953.251953, -27857.304688, 4904.053223, 21214.619141, -49072.570312, 98.356468
3.700000, -22923.376953, -27823.916016, 4900.538574, 21146.646484, -48971.226562, 98.285973
3.710000, -22893.541016, -27790.279297, 4896.738770, 21080.562500, -48871.527344, 98.209770
3.720000, -22863.628906, -27756.224609, 4892.596191, 21016.615234, -48773.546875, 98.126678
3.730000, -22833.703125, -27721.679688, 4887.977051, 20954.865234, -48677.277344, 98.034042
3.740000, -22803.753906, -27686.451172, 4882.697754, 20895.550781, -48582.753906, 97.928154
3.750000, -22773.800781, -27650.414062, 4876.612305, 20838.705078, -48489.902344, 97.806099
3.760000, -22743.830078, -27613.517578, 4869.687988, 20784.337891, -48398.660156, 97.667229
3.770000, -22713.921875, -27576.078125, 4862.155762, 20731.978516, -48308.882812, 97.516159
3.780000, -22684.175781, -27538.621094, 4854.445801, 20680.878906, -48220.347656, 97.361534
3.790000, -22654.103516, -27501.333984, 4847.230957, 20630.164062, -48132.375000, 97.216827
3.800000, -22624.208984, -27465.423828, 4841.215332, 20578.722656, -48045.050781, 97.096176
3.810000, -22594.234375, -27431.193359, 4836.959473, 20525.785156, -47957.910156, 97.010818
3.820000, -22564.322266, -27399.021484, 4834.699219, 20470.935547, -47870.910156, 96.965492
3.830000, -22534.439453, -27368.761719, 4834.322266, 20414.398438, -47784.148438, 96.957932
3.840000, -22504.470703, -27339.886719, 4835.415527, 20356.771484, -47697.667969, 96.979851
3.850000, -22474.585938, -27311.968750, 4837.381836, 20298.757812, -47611.769531, 97.019287
3.860000, -22444.699219, -27284.312500, 4839.613770, 20241.347656, -47526.730469, 97.064056
3.870000, -22414.730469, -27256.322266, 4841.592773, 20185.312500, -47442.734375, 97.103752
3.880000, -22384.851562, -27227.835938, 4842.984863, 20131.177734, -47360.140625, 97.131668
3.890000, -22354.988281, -27198.671875, 4843.682617, 20079.248047, -47279.078125, 97.145668
3.900000, -22325.025391, -27168.724609, 4843.698730, 20029.636719, -47199.558594, 97.145981
3.910000, -22295.039062, -27138.236328, 4843.197754, 19982.105469, -47121.562500, 97.135941
3.920000, -22265.152344, -27107.509766, 4842.357910, 19936.611328, -47045.378906, 97.119095
3.930000, -22235.251953, -27076.708984, 4841.457520, 19892.796875, -46970.796875, 97.101028
3.940000, -22205.351562, -27045.982422, 4840.630859, 19850.574219, -46897.875000, 97.084457
3.950000, -22175.457031, -27015.470703, 4840.012695, 19809.726562, -46826.550781, 97.072052
3.960000, -22145.605469, -26985.208984, 4839.603516, 19770.400391, -46756.996094, 97.063850
3.970000, -22115.560547, -26954.789062, 4839.228027, 19732.906250, -46689.113281, 97.056320
3.980000, -22085.636719, -26924.273438, 4838.637695, 19697.503906, -46623.230469, 97.044479
3.990000, -22055.695312, -26893.240234, 4837.545898, 19664.632812, -46559.355469, 97.022583
4.000000, -22025.826172, -26861.556641, 4835.730469, 19634.488281, -46497.562500, 96.986176
4.010000, -21995.775391, -26828.791016, 4833.015625, 19607.458984, -46437.804688, 96.931717
4.020000, -21965.994141, -26795.341797, 4829.347168, 19583.398438, -46380.335938, 96.858147
4.030000, -21936.015625, -26760.796875, 4824.781250, 19562.320312, -46324.738281, 96.766579
4.040000, -21906.111328, -26725.626953, 4819.516113, 19543.742188, -46271.027344, 96.660973
4.050000, -21876.228516, -26690.064453, 4813.835449, 19527.269531, -46219.031250, 96.547043
4.060000, -21846.322266, -26654.480469, 4808.157715, 19512.220703, -46168.433594, 96.433174
4.070000, -21816.296875, -26619.111328, 4802.813965, 19498.068359, -46118.960938, 96.325989
4.080000, -21786.439453, -26584.527344, 4798.087891, 19484.300781, -46070.640625, 96.231209
4.090000, -21756.550781, -26550.552734, 4794.002930, 19470.753906, -46023.167969, 96.149277
4.100000, -21726.654297, -26517.085938, 4790.431641, 19457.492188, -45976.484375, 96.077644
4.110000, -21696.685547, -26483.843750, 4787.158691, 19444.646484, -45930.441406, 96.012001
4.120000, -21666.765625, -26450.738281, 4783.971680, 19432.443359, -45885.160156, 95.948090
4.130000, -21636.759766, -26417.566406, 4780.806641, 19420.794922, -45840.375000, 95.884605
4.140000, -21606.871094, -26384.664062, 4777.792969, 19409.453125, -45796.175781, 95.824165
4.150000, -21576.929688, -26352.136719, 4775.207520, 19398.042969, -45752.285156, 95.772316
4.160000, -21547.203125, -26320.705078, 4773.501465, 19385.769531, -45708.625000, 95.738091
4.170000, -21517.171875, -26290.300781, 4773.128418, 19372.115234, -45664.609375, 95.730621
4.180000, -21487.226562, -26261.728516, 4774.501465, 19356.431641, -45620.390625, 95.758148
4.190000, -21457.337891, -26235.250000, 4777.912109, 19338.353516, -45575.875000, 95.826561
4.200000, -21427.457031, -26210.886719, 4783.429688, 19317.871094, -45531.082031, 95.937218
4.210000, -21397.380859, -26188.279297, 4790.898438, 19295.341797, -45485.992188, 96.087013
4.220000, -21367.541016, -26167.382812, 4799.841797, 19271.458984, -45441.261719, 96.266388
4.230000, -21337.619141, -26147.205078, 4809.586426, 19247.343750, -45397.000000, 96.461823
4.240000, -21307.609375, -26126.925781, 4819.316406, 19224.162109, -45353.582031, 96.656967
4.250000, -21277.777344, -26105.964844, 4828.186523, 19203.265625, -45311.785156, 96.834869
4.260000, -21247.849609, -26083.341797, 4835.492188, 19185.716797, -45271.656250, 96.981392
4.270000, -21217.933594, -26058.771484, 4840.838379, 19172.025391, -45233.441406, 97.088615
4.280000, -21188.076172, -26032.185547, 4844.109375, 19162.464844, -45197.347656, 97.154221
4.290000, -21158.183594, -26003.648438, 4845.465820, 19156.771484, -45163.171875, 97.181419
4.300000, -21128.144531, -25973.416016, 4845.271973, 19154.333984, -45130.542969, 97.177544
4.310000, -21098.183594, -25942.326172, 4844.142090, 19154.080078, -45099.253906, 97.154877
4.320000, -21068.367188, -25911.271484, 4842.904297, 19154.789062, -45068.960938, 97.130043
4.330000, -21038.429688, -25880.835938, 4842.407227, 19155.138672, -45038.929688, 97.120079
4.340000, -21008.445312, -25851.833984, 4843.388184, 19153.933594, -45008.761719, 97.139755
4.350000, -20978.660156, -25825.058594, 4846.398926, 19150.265625, -44978.378906, 97.200134
4.360000, -20948.603516, -25800.339844, 4851.736816, 19143.593750, -44947.042969, 97.307198
4.370000, -20918.683594, -25778.087891, 4859.405273, 19133.841797, -44915.097656, 97.460991
4.380000, -20888.812500, -25757.949219, 4869.137695, 19121.339844, -44882.523438, 97.656189
4.390000, -20858.871094, -25739.187500, 4880.317383, 19106.927734, -44849.398438, 97.880409
4.400000, -20829.072266, -25721.177734, 4892.105957, 19091.824219, -44816.343750, 98.116852
4.410000, -20799.070312, -25702.664062, 4903.594238, 19077.271484, -44783.328125, 98.347252
4.420000, -20769.013672, -25683.007812, 4913.993652, 19064.490234, -44750.953125, 98.555832
4.430000, -20739.187500, -25661.896484, 4922.708984, 19054.369141, -44719.773438, 98.730629
4.440000, -20709.250000, -25638.660156, 4929.410156, 19047.507812, -44689.742188, 98.865021
4.450000, -20679.335938, -25613.308594, 4933.971680, 19044.125000, -44661.066406, 98.956512
4.460000, -20649.445312, -25585.894531, 4936.448242, 19044.201172, -44633.789062, 99.006180
4.470000, -20619.523438, -25556.628906, 4937.105469, 19047.382812, -44607.757812, 99.019371
4.480000, -20589.599609, -25526.017578, 4936.417969, 19052.945312, -44582.765625, 99.005577
4.490000, -20559.753906, -25494.882812, 4935.128418, 19059.886719, -44558.636719, 98.979713
4.500000, -20529.849609, -25463.886719, 4934.037598, 19067.107422, -44534.933594, 98.957832
4.510000, -20499.832031, -25433.681641, 4933.850586, 19073.486328, -44511.183594, 98.954086
4.520000, -20469.878906, -25404.949219, 4935.071289, 19078.333984, -44487.367188, 98.978569
4.530000, -20439.994141, -25377.957031, 4937.962402, 19081.128906, -44463.222656, 99.036552
4.540000, -20410.093750, -25352.750000, 4942.656250, 19081.646484, -44438.601562, 99.130684
4.550000, -20380.158203, -25329.404297, 4949.246582, 19079.648438, -44413.328125, 99.262863
4.560000, -20350.191406, -25307.935547, 4957.743652, 19075.171875, -44387.441406, 99.433289
4.570000, -20320.292969, -25288.394531, 4968.101562, 19068.312500, -44361.113281, 99.641029
4.580000, -20290.330078, -25270.417969, 4980.088379, 19059.330078, -44334.218750, 99.881432
4.590000, -20260.382812, -25253.687500, 4993.305664, 19048.882812, -44307.109375, 100.146523
4.600000, -20230.494141, -25237.699219, 5007.205566, 19037.792969, -44280.093750, 100.425301
4.610000, -20200.572266, -25221.775391, 5021.202637, 19026.859375, -44253.300781, 100.706032
4.620000, -20170.632812, -25205.468750, 5034.834961, 19016.884766, -44227.097656, 100.979439
4.630000, -20140.744141, -25188.441406, 5047.697266, 19008.419922, -44201.664062, 101.237404
4.640000, -20110.748047, -25170.195312, 5059.446777, 19002.158203, -44177.234375, 101.473061
4.650000, -20080.914062, -25150.626953, 5069.711914, 18998.656250, -44154.238281, 101.678932
4.660000, -20051.113281, -25129.255859, 5078.141602, 18998.367188, -44132.644531, 101.848007
4.670000, -20021.109375, -25105.632812, 5084.523438, 19001.603516, -44112.324219, 101.975998
4.680000, -19991.189453, -25080.117188, 5088.928223, 19008.281250, -44093.562500, 102.064346
4.690000, -19961.308594, -25053.083984, 5091.774414, 19017.837891, -44076.164062, 102.121429
4.700000, -19931.357422, -25025.166016, 5093.809082, 19029.083984, -44059.558594, 102.162239
4.710000, -19901.388672, -24997.253906, 5095.864746, 19041.103516, -44043.746094, 102.203468
4.720000, -19871.435547, -24970.089844, 5098.654297, 19052.628906, -44028.187500, 102.259415
4.730000, -19841.595703, -24944.171875, 5102.575684, 19063.171875, -44012.875000, 102.338058
4.740000, -19811.570312, -24919.255859, 5107.686523, 19072.623047, -43997.492188, 102.440567
4.750000, -19781.605469, -24895.365234, 5113.760742, 19081.097656, -43982.140625, 102.562393
4.760000, -19751.845703, -24872.326172, 5120.480469, 19088.785156, -43966.863281, 102.697159
4.770000, -19721.841797, -24849.408203, 5127.566406, 19096.205078, -43951.453125, 102.839279
4.780000, -19691.978516, -24826.728516, 5134.749512, 19103.527344, -43936.164062, 102.983345
4.790000, -19662.000000, -24803.865234, 5141.864258, 19110.939453, -43920.804688, 103.126038
4.800000, -19632.054688, -24780.880859, 5148.825684, 19118.373047, -43905.332031, 103.265656
4.810000, -19602.189453, -24757.890625, 5155.701660, 19125.634766, -43889.675781, 103.403564
4.820000, -19572.265625, -24735.142578, 5162.877930, 19132.138672, -43873.519531, 103.547493
4.830000, -19542.373047, -24713.240234, 5170.867676, 19137.181641, -43856.726562, 103.707726
4.840000, -19512.472656, -24692.728516, 5180.255371, 19139.904297, -43839.031250, 103.896019
4.850000, -19482.601562, -24673.945312, 5191.344727, 19140.046875, -43820.464844, 104.118423
4.860000, -19452.599609, -24656.726562, 5204.126953, 19137.644531, -43800.933594, 104.374786
4.870000, -19422.626953, -24640.822266, 5218.194824, 19133.277344, -43780.757812, 104.656944
4.880000, -19392.722656, -24625.527344, 5232.804688, 19127.992188, -43760.257812, 104.949959
4.890000, -19362.835938, -24609.886719, 5247.051758, 19123.218750, -43739.921875, 105.235695
4.900000, -19332.960938, -24593.130859, 5260.168945, 19119.861328, -43719.886719, 105.498779
4.910000, -19303.023438, -24574.705078, 5271.682129, 19118.878906, -43700.570312, 105.729691
4.920000, -19273.056641, -24554.546875, 5281.490234, 19120.417969, -43682.027344, 105.926399
4.930000, -19243.119141, -24532.982422, 5289.863281, 19124.173828, -43664.312500, 106.094322
4.940000, -19213.251953, -24510.558594, 5297.306152, 19129.589844, -43647.382812, 106.243599
4.950000, -19183.314453, -24487.636719, 5304.321777, 19136.064453, -43631.027344, 106.384315
4.960000, -19153.318359, -24464.607422, 5311.289551, 19143.160156, -43615.171875, 106.524063
4.970000, -19123.480469, -24441.726562, 5318.245605, 19150.625000, -43599.859375, 106.663567
4.980000, -19093.566406, -24418.603516, 5325.036621, 19158.679688, -43584.867188, 106.799767
4.990000, -19063.697266, -24395.398438, 5331.701660, 19167.208984, -43570.292969, 106.933449
5.000000, -19033.792969, -24372.269531, 5338.475586, 19175.830078, -43555.875000, 107.069305
5.010000, -19003.820312, -24349.757812, 5345.937500, 19183.841797, -43541.460938, 107.218964
5.020000, -18973.828125, -24328.574219, 5354.747070, 19190.253906, -43526.785156, 107.395653
5.030000, -18943.923828, -24309.304688, 5365.380859, 19194.599609, -43511.949219, 107.608917
5.040000, -18914.031250, -24292.066406, 5378.035645, 19196.558594, -43496.761719, 107.862724
5.050000, -18884.085938, -24276.496094, 5392.409180, 19196.724609, -43481.457031, 108.151009
5.060000, -18854.236328, -24262.068359, 5407.832031, 19195.943359, -43466.328125, 108.460335
5.070000, -18824.240234, -24247.658203, 5423.418457, 19195.568359, -43451.644531, 108.772934
5.080000, -18794.402344, -24232.609375, 5438.206055, 19196.908203, -43438.015625, 109.069519
5.090000, -18764.417969, -24215.859375, 5451.440918, 19201.064453, -43425.523438, 109.334953
5.100000, -18734.476562, -24197.140625, 5462.663086, 19208.660156, -43414.515625, 109.560028
5.110000, -18704.638672, -24176.470703, 5471.832520, 19219.687500, -43404.972656, 109.743935
5.120000, -18674.675781, -24153.998047, 5479.322754, 19233.851562, -43396.757812, 109.894157
5.130000, -18644.781250, -24130.537109, 5485.756348, 19250.154297, -43389.691406, 110.023193
5.140000, -18614.837891, -24106.521484, 5491.683105, 19267.818359, -43383.441406, 110.142059
5.150000, -18584.835938, -24082.257812, 5497.420898, 19286.316406, -43377.785156, 110.257141
5.160000, -18555.005859, -24057.970703, 5502.964844, 19305.386719, -43372.664062, 110.368332
5.170000, -18525.082031, -24033.296875, 5508.215820, 19325.076172, -43367.785156, 110.473648
5.180000, -18495.109375, -24008.121094, 5513.011719, 19345.296875, -43362.941406, 110.569839
5.190000, -18465.136719, -23982.384766, 5517.247070, 19366.046875, -43358.050781, 110.654778
5.200000, -18435.353516, -23956.113281, 5520.759277, 19387.210938, -43353.046875, 110.725212
5.210000, -18405.410156, -23928.927734, 5523.516602, 19408.666016, -43347.429688, 110.780518
5.220000, -18375.511719, -23901.207031, 5525.694336, 19429.988281, -43341.132812, 110.824196
5.230000, -18345.587891, -23873.585938, 5527.997559, 19449.978516, -43333.621094, 110.870384
5.240000, -18315.630859, -23847.091797, 5531.461426, 19467.320312, -43324.566406, 110.939857
5.250000, -18285.707031, -23822.853516, 5537.146973, 19480.439453, -43313.570312, 111.053886
5.260000, -18255.792969, -23801.451172, 5545.659180, 19488.691406, -43300.523438, 111.224609
5.270000, -18225.787109, -23782.638672, 5556.851562, 19492.287109, -43285.429688, 111.449089
5.280000, -18195.917969, -23765.800781, 5569.882812, 19492.197266, -43268.613281, 111.710442
5.290000, -18165.945312, -23749.582031, 5583.637695, 19490.058594, -43250.371094, 111.986320
5.300000, -18136.150391, -23733.330078, 5597.180176, 19487.148438, -43231.320312, 112.257935
5.310000, -18106.201172, -23716.138672, 5609.937012, 19484.369141, -43211.464844, 112.513779
5.320000, -18076.253906, -23698.095703, 5621.842773, 19481.998047, -43191.167969, 112.752563
5.330000, -18046.296875, -23679.419922, 5633.122070, 19479.787109, -43170.386719, 112.978783
5.340000, -18016.425781, -23660.707031, 5644.281738, 19477.236328, -43149.257812, 113.202606
5.350000, -17986.441406, -23642.183594, 5655.741211, 19473.935547, -43127.566406, 113.432434
5.360000, -17956.582031, -23624.234375, 5667.651855, 19469.654297, -43105.449219, 113.671318
5.370000, -17926.718750, -23606.572266, 5679.854004, 19464.634766, -43082.906250, 113.916046
5.380000, -17896.742188, -23588.859375, 5692.117188, 19459.132812, -43059.820312, 114.161995
5.390000, -17866.734375, -23571.337891, 5704.604492, 19452.998047, -43036.281250, 114.412453
5.400000, -17836.869141, -23554.693359, 5717.824707, 19445.507812, -43012.273438, 114.677597
5.410000, -17807.015625, -23539.632812, 5732.616699, 19435.929688, -42987.761719, 114.974266
5.420000, -17777.052734, -23526.750000, 5749.696777, 19423.511719, -42962.585938, 115.316818
5.430000, -17747.105469, -23516.433594, 5769.327148, 19408.199219, -42937.089844, 115.710533
5.440000, -17717.246094, -23508.250000, 5791.003418, 19390.933594, -42911.777344, 116.145271
5.450000, -17687.361328, -23500.847656, 5813.486816, 19373.666016, -42887.250000, 116.596207
5.460000, -17657.324219, -23492.228516, 5834.904297, 19358.992188, -42864.097656, 117.025757
5.470000, -17627.511719, -23480.910156, 5853.398438, 19349.638672, -42843.578125, 117.396675
5.480000, -17597.503906, -23464.947266, 5867.442871, 19347.798828, -42825.894531, 117.678360
5.490000, -17567.664062, -23444.009766, 5876.346680, 19354.281250, -42811.578125, 117.856934
5.500000, -17537.710938, -23418.126953, 5880.415039, 19368.871094, -42800.410156, 117.938530
5.510000, -17507.722656, -23388.615234, 5880.893066, 19389.953125, -42792.136719, 117.948120
5.520000, -17477.779297, -23357.240234, 5879.461426, 19414.974609, -42785.917969, 117.919395
5.530000, -17447.916016, -23325.853516, 5877.937500, 19441.505859, -42781.222656, 117.888832
5.540000, -17418.041016, -23295.533203, 5877.492188, 19467.662109, -42777.203125, 117.879906
5.550000, -17388.218750, -23266.933594, 5878.715820, 19492.195312, -42773.273438, 117.904449
5.560000, -17358.195312, -23239.968750, 5881.772949, 19514.494141, -42768.765625, 117.965759
5.570000, -17328.216797, -23214.976562, 5886.759766, 19534.095703, -42763.519531, 118.065781
5.580000, -17298.328125, -23192.099609, 5893.770996, 19550.392578, -42757.089844, 118.206406
5.590000, -17268.398438, -23171.056641, 5902.657715, 19563.289062, -42749.109375, 118.384628
5.600000, -17238.507812, -23151.650391, 5913.142578, 19572.953125, -42739.523438, 118.594917
5.610000, -17208.607422, -23133.433594, 5924.825684, 19579.697266, -42728.222656, 118.829231
5.620000, -17178.615234, -23116.039062, 5937.424316, 19583.628906, -42714.898438, 119.081909
5.630000, -17148.773438, -23099.648438, 5950.875000, 19584.847656, -42699.882812, 119.351685
5.640000, -17118.822266, -23084.095703, 5965.273438, 19583.250000, -42682.902344, 119.640457
5.650000, -17088.855469, -23069.535156, 5980.680664, 19578.953125, -42664.214844, 119.949471
5.660000, -17058.894531, -23055.953125, 5997.058594, 19572.062500, -42643.886719, 120.277946
5.670000, -17029.123047, -23043.400391, 6014.277344, 19562.832031, -42622.257812, 120.623291
5.680000, -16999.099609, -23031.380859, 6032.281738, 19551.867188, -42599.445312, 120.984390
5.690000, -16969.109375, -23019.974609, 6050.865234, 19539.447266, -42575.792969, 121.357109
5.700000, -16939.160156, -23008.664062, 6069.503906, 19526.623047, -42551.808594, 121.730919
5.710000, -16909.482422, -22996.894531, 6087.411621, 19514.441406, -42528.039062, 122.090080
5.720000, -16879.425781, -22983.378906, 6103.953613, 19504.093750, -42504.339844, 122.421860
5.730000, -16849.468750, -22968.507812, 6119.040039, 19495.580078, -42481.136719, 122.724426
5.740000, -16819.587891, -22952.722656, 6133.134766, 19488.490234, -42458.398438, 123.007118
5.750000, -16789.667969, -22936.626953, 6146.958008, 19481.943359, -42435.960938, 123.284355
5.760000, -16759.681641, -22920.740234, 6161.058105, 19475.255859, -42413.566406, 123.567139
5.770000, -16729.800781, -22905.289062, 6175.488770, 19468.341797, -42391.367188, 123.856575
5.780000, -16699.937500, -22889.572266, 6189.634766, 19461.814453, -42369.304688, 124.140297
5.790000, -16670.029297, -22872.498047, 6202.469238, 19456.800781, -42347.398438, 124.397705
5.800000, -16640.097656, -22853.193359, 6213.094727, 19454.337891, -42325.804688, 124.610802
5.810000, -16610.132812, -22831.333984, 6221.200684, 19454.646484, -42304.449219, 124.773376
5.820000, -16580.304688, -22807.732422, 6227.428711, 19456.693359, -42283.058594, 124.898300
5.830000, -16550.365234, -22783.507812, 6233.142578, 19458.828125, -42261.140625, 125.012886
5.840000, -16520.535156, -22760.300781, 6239.766113, 19459.138672, -42238.457031, 125.145729
5.850000, -16490.472656, -22738.341797, 6247.868164, 19456.882812, -42214.425781, 125.308228
5.860000, -16460.578125, -22717.617188, 6257.040039, 19452.416016, -42189.425781, 125.492180
5.870000, -16430.658203, -22697.183594, 6266.525391, 19446.597656, -42163.367188, 125.682411
5.880000, -16400.779297, -22676.892578, 6276.113770, 19439.660156, -42136.339844, 125.874725
5.890000, -16370.822266, -22656.767578, 6285.945801, 19431.605469, -42108.347656, 126.071915
5.900000, -16340.921875, -22637.136719, 6296.214844, 19422.222656, -42079.511719, 126.277885
5.910000, -16310.957031, -22618.142578, 6307.185059, 19411.207031, -42049.710938, 126.497894
5.920000, -16281.111328, -22600.435547, 6319.324219, 19398.085938, -42019.078125, 126.741348
5.930000, -16251.142578, -22584.320312, 6333.177734, 19382.222656, -41987.300781, 127.019203
5.940000, -16221.256836, -22570.292969, 6349.036133, 19363.458984, -41954.714844, 127.337265
5.950000, -16191.314453, -22558.136719, 6366.822266, 19341.984375, -41921.281250, 127.693993
5.960001, -16161.429688, -22547.720703, 6386.291016, 19318.302734, -41887.382812, 128.084457
5.970000, -16131.482422, -22538.544922, 6407.062988, 19293.189453, -41853.308594, 128.501053
5.980000, -16101.544922, -22530.060547, 6428.515625, 19267.591797, -41819.457031, 128.931320
5.990000, -16071.677734, -22521.613281, 6449.936035, 19242.601562, -41786.214844, 129.360931
6.000000, -16041.740234, -22512.126953, 6470.386230, 19219.707031, -41754.050781, 129.771072
6.010000, -16011.757812, -22500.787109, 6489.029297, 19200.013672, -41723.234375, 130.145004
6.020000, -15981.852539, -22487.113281, 6505.260742, 19184.390625, -41694.144531, 130.470535
6.030000, -15951.867188, -22470.794922, 6518.927246, 19173.087891, -41666.722656, 130.744629
6.040000, -15922.019531, -22452.091797, 6530.071777, 19166.017578, -41641.179688, 130.968140
6.050000, -15892.113281, -22430.949219, 6538.836426, 19162.998047, -41617.238281, 131.143936
6.060000, -15862.251953, -22407.634766, 6545.382324, 19163.583984, -41594.726562, 131.275223
6.070000, -15832.338867, -22382.373047, 6550.034180, 19167.201172, -41573.312500, 131.368515
6.080000, -15802.405273, -22355.896484, 6553.491211, 19172.671875, -41552.515625, 131.437851
6.090000, -15772.429688, -22329.623047, 6557.192871, 19178.064453, -41531.878906, 131.512085
6.100000, -15742.578125, -22305.308594, 6562.729980, 19181.207031, -41510.937500, 131.623138
6.110000, -15712.615234, -22283.865234, 6571.250000, 19180.501953, -41489.027344, 131.794022
6.120000, -15682.582031, -22265.392578, 6582.811035, 19175.841797, -41466.125000, 132.025894
6.130000, -15652.806641, -22249.238281, 6596.431152, 19168.279297, -41442.636719, 132.299057
6.140000, -15622.779297, -22233.455078, 6610.675781, 19159.583984, -41418.394531, 132.584763
6.150000, -15592.911133, -22217.085938, 6624.174805, 19151.580078, -41394.261719, 132.855484
6.160000, -15563.003906, -22198.994141, 6635.990234, 19145.345703, -41370.195312, 133.092468
6.170000, -15533.095703, -22179.023438, 6645.928223, 19141.324219, -41346.433594, 133.291779
6.180000, -15503.117188, -22157.619141, 6654.502441, 19138.748047, -41322.722656, 133.463745
6.190000, -15473.292969, -22136.125000, 6662.831543, 19136.271484, -41298.980469, 133.630783
6.200000, -15443.265625, -22115.355469, 6672.090332, 19132.324219, -41274.503906, 133.816498
6.210001, -15413.330078, -22096.691406, 6683.361328, 19125.580078, -41249.359375, 134.042557
6.220000, -15383.488281, -22080.513672, 6697.024902, 19115.449219, -41223.312500, 134.316574
6.230000, -15353.615234, -22066.423828, 6712.808105, 19102.335938, -41196.347656, 134.633133
6.240000, -15323.703125, -22053.560547, 6729.857422, 19087.326172, -41168.718750, 134.975082
6.250000, -15293.725586, -22041.150391, 6747.424805, 19071.472656, -41140.726562, 135.327408
6.260000, -15263.883789, -22029.000000, 6765.116211, 19055.335938, -41112.707031, 135.682236
6.270000, -15233.875000, -22016.876953, 6783.001953, 19038.958984, -41084.492188, 136.040955
6.280000, -15203.940430, -22005.189453, 6801.249023, 19022.226562, -41056.316406, 136.406921
6.290000, -15174.021484, -21993.734375, 6819.713379, 19005.609375, -41028.515625, 136.777252
6.300000, -15144.075195, -21981.724609, 6837.649414, 18989.947266, -41001.144531, 137.136978
6.310000, -15114.226562, -21968.152344, 6853.926270, 18976.705078, -40974.589844, 137.463409
6.320000, -15084.361328, -21952.015625, 6867.654297, 18967.119141, -40949.171875, 137.738754
6.330000, -15054.328125, -21932.701172, 6878.372559, 18961.777344, -40924.781250, 137.953720
6.340000, -15024.431641, -21910.894531, 6886.463379, 18960.191406, -40901.671875, 138.115982
6.350000, -14994.544922, -21887.357422, 6892.812012, 18961.322266, -40879.554688, 138.243317
6.360000, -14964.547852, -21862.851562, 6898.303711, 18963.906250, -40857.937500, 138.353455
6.370000, -14934.691406, -21838.234375, 6903.542480, 18967.123047, -40836.808594, 138.458542
6.380000, -14904.736328, -21813.427734, 6908.690918, 18970.542969, -40815.734375, 138.561798
6.390000, -14874.873047, -21788.662109, 6913.789062, 18973.863281, -40794.578125, 138.664047
6.400000, -14844.945312, -21764.203125, 6919.257812, 18976.328125, -40772.898438, 138.773712
6.410000, -14815.014648, -21740.783203, 6925.768555, 18976.863281, -40750.296875, 138.904297
6.420000, -14785.108398, -21719.382812, 6934.274414, 18974.142578, -40726.484375, 139.074890
6.430000, -14755.194336, -21700.732422, 6945.538086, 18967.126953, -40701.113281, 139.300797
6.440001, -14725.311523, -21685.380859, 6960.069336, 18955.058594, -40674.011719, 139.592239
6.450000, -14695.417969, -21673.244141, 6977.826172, 18938.146484, -40645.250000, 139.948380
6.460001, -14665.414062, -21663.701172, 6998.287598, 18917.013672, -40614.906250, 140.358749
6.470000, -14635.444336, -21655.929688, 7020.485352, 18893.128906, -40583.597656, 140.803955
6.480000, -14605.574219, -21648.763672, 7043.189941, 18868.195312, -40551.789062, 141.259323
6.490000, -14575.720703, -21640.896484, 7065.175293, 18843.945312, -40519.976562, 141.700272
6.500000, -14545.712891, -21630.892578, 7085.179199, 18822.218750, -40488.570312, 142.101471
6.510000, -14515.801758, -21617.935547, 7102.133789, 18804.392578, -40458.109375, 142.441513
6.520000, -14485.931641, -21601.189453, 7115.257324, 18791.392578, -40428.699219, 142.704727
6.530000, -14455.865234, -21580.339844, 7124.474609, 18783.457031, -40400.246094, 142.889572
6.540000, -14426.016602, -21556.775391, 7130.758789, 18779.144531, -40372.683594, 143.015610
6.550000, -14396.135742, -21532.103516, 7135.967773, 18776.148438, -40345.363281, 143.120087
6.560000, -14366.146484, -21508.298828, 7142.151855, 18771.873047, -40317.621094, 143.244125
6.570000, -14336.310547, -21487.171875, 7150.860840, 18764.416016, -40289.367188, 143.418793
6.580000, -14306.458984, -21469.033203, 7162.574219, 18753.107422, -40260.246094, 143.653717
6.590000, -14276.443359, -21453.326172, 7176.882324, 18738.599609, -40230.375000, 143.940689
6.600000, -14246.546875, -21439.107422, 7192.561035, 18722.519531, -40200.429688, 144.255127
6.610000, -14216.605469, -21424.544922, 7207.939453, 18707.271484, -40170.945312, 144.563568
6.620000, -14186.664062, -21408.011719, 7221.348145, 18694.998047, -40142.496094, 144.832504
6.630000, -14156.810547, -21388.441406, 7231.630859, 18687.355469, -40115.617188, 145.038727
6.640000, -14126.824219, -21365.435547, 7238.611328, 18684.712891, -40090.324219, 145.178726
6.650000, -14096.892578, -21339.851562, 7242.958496, 18686.248047, -40066.628906, 145.265915
6.660000, -14067.009766, -21313.052734, 7246.043457, 18690.035156, -40043.957031, 145.327789
6.670001, -14037.155273, -21286.548828, 7249.393555, 18694.080078, -40021.855469, 145.394974
6.680000, -14007.173828, -21261.488281, 7254.314453, 18696.265625, -39999.343750, 145.493683
6.690001, -13977.347656, -21239.197266, 7261.849609, 18695.025391, -39976.167969, 145.644791
6.700000, -13947.315430, -21219.951172, 7272.635742, 18689.193359, -39951.445312, 145.861130
6.710001, -13917.341797, -21204.515625, 7287.174316, 18677.904297, -39925.082031, 146.152710
6.720000, -13887.561523, -21193.158203, 7305.596680, 18660.972656, -39897.171875, 146.522202
6.730000, -13857.599609, -21184.972656, 7327.373047, 18639.128906, -39867.488281, 146.958939
6.740000, -13827.680664, -21179.039062, 7351.358398, 18613.958984, -39836.773438, 147.440002
6.750000, -13797.781250, -21173.730469, 7375.949707, 18587.746094, -39805.621094, 147.933212
6.760000, -13767.865234, -21167.441406, 7399.576172, 18562.765625, -39774.722656, 148.407059
6.770000, -13737.879883, -21158.843750, 7420.963867, 18540.988281, -39744.730469, 148.836014
6.780000, -13707.998047, -21147.279297, 7439.281250, 18523.705078, -39716.273438, 149.203400
6.790000, -13677.945312, -21131.925781, 7453.979980, 18511.931641, -39689.519531, 149.498184
6.800000, -13648.074219, -21112.859375, 7464.785645, 18505.882812, -39664.769531, 149.714920
6.810000, -13618.170898, -21089.908203, 7471.737305, 18505.533203, -39641.851562, 149.854340
6.820000, -13588.332031, -21063.466797, 7475.134277, 18510.263672, -39620.523438, 149.922470
6.830000, -13558.280273, -21033.814453, 7475.534180, 18519.210938, -39600.203125, 149.930481
6.840000, -13528.513672, -21002.189453, 7473.675781, 18530.927734, -39580.703125, 149.893219
6.850000, -13498.509766, -20969.048828, 7470.538574, 18543.957031, -39560.984375, 149.830292
6.860000, -13468.641602, -20935.873047, 7467.231445, 18556.562500, -39540.820312, 149.763962
6.870000, -13438.708984, -20903.550781, 7464.842285, 18567.080078, -39519.414062, 149.716049
6.880000, -13408.824219, -20873.216797, 7464.392090, 18574.078125, -39496.476562, 149.707031
6.890000, -13378.841797, -20845.476562, 7466.634766, 18576.402344, -39471.476562, 149.751999
6.900000, -13349.001953, -20821.082031, 7472.080078, 18573.378906, -39444.441406, 149.861206
6.910000, -13318.982422, -20799.976562, 7480.993652, 18564.693359, -39415.097656, 150.039978
6.920001, -13289.125977, -20782.550781, 7493.424805, 18550.337891, -39383.718750, 150.289307
6.930000, -13259.208984, -20768.503906, 7509.294434, 18530.615234, -39350.363281, 150.607590
6.940001, -13229.289062, -20757.693359, 7528.403809, 18506.101562, -39315.449219, 150.990845
6.950000, -13199.376953, -20749.205078, 7549.828613, 18478.281250, -39279.578125, 151.420547
6.960001, -13169.433594, -20741.382812, 7571.949219, 18449.683594, -39243.585938, 151.864197
6.970000, -13139.568359, -20732.244141, 7592.676270, 18423.111328, -39208.308594, 152.279907
6.980000, -13109.567383, -20719.861328, 7610.293945, 18401.144531, -39174.398438, 152.633255
6.990000, -13079.806641, -20703.642578, 7623.836426, 18385.212891, -39142.671875, 152.904861
7.000000, -13049.718750, -20683.046875, 7633.328613, 18375.511719, -39112.835938, 153.095245
7.010000, -13019.828125, -20659.384766, 7639.556641, 18370.957031, -39085.031250, 153.220139
7.020000, -12989.990234, -20633.275391, 7643.284668, 18370.542969, -39058.968750, 153.294922
7.030000, -12960.025391, -20605.009766, 7644.983887, 18373.328125, -39033.933594, 153.328995
7.040000, -12930.007812, -20575.023438, 7645.016113, 18378.437500, -39009.527344, 153.329636
7.050000, -12900.159180, -20544.433594, 7644.274414, 18384.269531, -38985.195312, 153.314774
7.060000, -12870.207031, -20514.589844, 7644.382324, 18388.355469, -38959.890625, 153.316925
7.070000, -12840.412109, -20487.798828, 7647.386230, 18387.800781, -38932.996094, 153.377182
7.080000, -12810.403320, -20465.283203, 7654.879883, 18380.445312, -38903.589844, 153.527481
7.090000, -12780.597656, -20447.902344, 7667.304688, 18365.662109, -38871.882812, 153.776672
7.100000, -12750.605469, -20434.177734, 7683.571777, 18344.767578, -38837.734375, 154.102921
7.110000, -12720.709961, -20422.310547, 7701.600586, 18320.507812, -38802.074219, 154.464508
7.120000, -12690.670898, -20410.095703, 7719.424805, 18295.531250, -38765.363281, 154.821991
7.130000, -12660.862305, -20396.765625, 7735.903320, 18271.470703, -38728.437500, 155.152496
7.140000, -12630.968750, -20381.873047, 7750.904297, 18248.988281, -38691.550781, 155.453354
7.150001, -12601.015625, -20365.962891, 7764.947754, 18227.683594, -38654.785156, 155.735016
7.160000, -12571.090820, -20349.955078, 7778.864258, 18206.843750, -38618.433594, 156.014130
7.170001, -12541.169922, -20334.308594, 7793.138672, 18186.148438, -38582.578125, 156.300400
7.180000, -12511.214844, -20318.673828, 7807.459473, 18166.240234, -38547.519531, 156.587631
7.190001, -12481.345703, -20301.792969, 7820.447266, 18149.033203, -38513.914062, 156.848129
7.200000, -12451.410156, -20281.689453, 7830.278809, 18136.796875, -38482.066406, 157.045303
7.210001, -12421.472656, -20257.072266, 7835.599609, 18131.212891, -38452.371094, 157.152008
7.220000, -12391.560547, -20227.761719, 7836.201172, 18132.416016, -38424.753906, 157.164078
7.230000, -12361.614258, -20194.767578, 7833.153320, 18138.791016, -38398.644531, 157.102951
7.240000, -12331.737305, -20160.126953, 7828.389648, 18147.619141, -38373.363281, 157.007416
7.250000, -12301.786133, -20125.724609, 7823.938477, 18155.824219, -38347.648438, 156.918137
7.260000, -12271.817383, -20093.410156, 7821.592773, 18160.576172, -38320.605469, 156.871094
7.270000, -12241.965820, -20065.136719, 7823.170898, 18159.142578, -38291.421875, 156.902740
7.280000, -12212.132812, -20042.486328, 7830.353027, 18148.990234, -38259.117188, 157.046799
7.290000, -12182.220703, -20026.560547, 7844.339355, 18128.460938, -38223.207031, 157.327301
7.300000, -12152.242188, -20017.236328, 7864.994141, 18097.716797, -38183.640625, 157.741562
7.310000, -12122.348633, -20013.025391, 7890.676758, 18058.808594, -38141.058594, 158.256653
7.320000, -12092.308594, -20011.365234, 7919.056152, 18014.875000, -38096.015625, 158.825836
7.330000, -12062.423828, -20010.414062, 7947.990723, 17968.931641, -38049.652344, 159.406158
7.340000, -12032.634766, -20008.761719, 7976.126953, 17923.099609, -38002.699219, 159.970459
7.350000, -12002.606445, -20005.302734, 8002.696289, 17878.871094, -37955.570312, 160.503326
7.360000, -11972.724609, -19999.902344, 8027.177734, 17837.267578, -37909.093750, 160.994339
7.370000, -11942.794922, -19991.904297, 8049.108887, 17799.255859, -37863.648438, 161.434174
7.380000, -11912.866211, -19981.105469, 8068.239258, 17765.402344, -37819.546875, 161.817871
7.390000, -11883.001953, -19967.566406, 8084.564941, 17735.935547, -37777.105469, 162.145309
7.400001, -11853.029297, -19951.404297, 8098.374512, 17710.669922, -37736.238281, 162.422272
7.410000, -11823.124023, -19933.039062, 8109.915039, 17689.357422, -37697.125000, 162.653732
7.420001, -11793.246094, -19912.531250, 8119.285645, 17671.912109, -37659.726562, 162.841675
7.430000, -11763.358398, -19889.648438, 8126.290039, 17658.292969, -37623.796875, 162.982147
7.440001, -11733.387695, -19864.667969, 8131.280273, 17648.041016, -37589.140625, 163.082230
7.450000, -11703.468750, -19839.246094, 8135.777832, 17638.998047, -37555.253906, 163.172424
7.460001, -11673.517578, -19815.480469, 8141.962891, 17628.386719, -37521.464844, 163.296478
7.470000, -11643.538086, -19795.015625, 8151.477539, 17614.087891, -37487.273438, 163.487320
7.480000, -11613.645508, -19778.019531, 8164.374023, 17595.916016, -37452.695312, 163.745987
7.490000, -11583.748047, -19763.128906, 8179.381348, 17575.435547, -37417.917969, 164.046951
7.500000, -11553.909180, -19748.423828, 8194.514648, 17554.976562, -37383.332031, 164.350464
7.510000, -11523.909180, -19731.845703, 8207.936523, 17536.923828, -37349.332031, 164.619659
7.520000, -11494.007812, -19712.285156, 8218.277344, 17522.798828, -37316.222656, 164.827057
7.530000, -11464.014648, -19689.472656, 8225.458008, 17512.787109, -37284.007812, 164.971085
7.540000, -11434.170898, -19664.505859, 8230.334961, 17505.652344, -37252.519531, 165.068909
7.550000, -11404.217773, -19638.609375, 8234.391602, 17499.482422, -37221.070312, 165.150238
7.560000, -11374.312500, -19613.441406, 8239.128906, 17492.314453, -37189.343750, 165.245270
7.570000, -11344.405273, -19590.275391, 8245.870117, 17482.382812, -37156.851562, 165.380478
7.580000, -11314.504883, -19569.876953, 8255.372070, 17468.685547, -37123.367188, 165.571045
7.590000, -11284.630859, -19552.050781, 8267.419922, 17451.527344, -37089.011719, 165.812683
7.600000, -11254.635742, -19535.269531, 8280.633789, 17432.677734, -37054.000000, 166.077698
7.610000, -11224.747070, -19517.513672, 8292.766602, 17414.953125, -37019.164062, 166.321030
7.620000, -11194.817383, -19496.822266, 8302.004883, 17400.615234, -36984.785156, 166.506317
7.630001, -11164.961914, -19472.804688, 8307.842773, 17390.404297, -36951.179688, 166.623413
7.640000, -11135.071289, -19446.160156, 8311.088867, 17383.457031, -36918.218750, 166.688492
7.650001, -11105.122070, -19418.085938, 8312.963867, 17378.103516, -36885.425781, 166.726105
7.660000, -11075.151367, -19389.515625, 8314.364258, 17373.080078, -36852.492188, 166.754196
7.670001, -11045.311523, -19361.222656, 8315.911133, 17367.332031, -36819.089844, 166.785233
7.680000, -11015.256836, -19333.917969, 8318.661133, 17359.326172, -36784.460938, 166.840378
7.690001, -10985.446289, -19309.826172, 8324.379883, 17346.593750, -36748.273438, 166.955078
7.700000, -10955.519531, -19290.564453, 8335.044922, 17326.712891, -36709.804688, 167.168961
7.710001, -10925.570312, -19277.230469, 8351.660156, 17298.582031, -36669.023438, 167.502213
7.720000, -10895.640625, -19268.896484, 8373.255859, 17263.515625, -36626.285156, 167.935333
7.730000, -10865.710938, -19263.054688, 8397.343750, 17224.876953, -36582.468750, 168.418442
7.740000, -10835.765625, -19256.476562, 8420.710938, 17187.070312, -36538.781250, 168.887100
7.750000, -10805.852539, -19246.197266, 8440.344727, 17154.113281, -36496.214844, 169.280884
7.760000, -10775.917969, -19230.089844, 8454.171875, 17128.996094, -36455.687500, 169.558197
7.770000, -10746.063477, -19207.529297, 8461.465820, 17112.744141, -36417.566406, 169.704498
7.780000, -10716.151367, -19179.162109, 8463.010742, 17104.513672, -36381.640625, 169.735474
7.790000, -10686.240234, -19146.935547, 8460.695312, 17101.812500, -36347.406250, 169.689026
7.800000, -10656.296875, -19113.240234, 8456.943359, 17101.406250, -36314.011719, 169.613785
7.810000, -10626.296875, -19080.748047, 8454.451172, 17099.716797, -36280.562500, 169.563812
7.820000, -10596.512695, -19052.087891, 8455.575195, 17093.392578, -36246.292969, 169.586349
7.830000, -10566.531250, -19028.269531, 8461.738281, 17080.603516, -36210.390625, 169.709961
7.840000, -10536.580078, -19009.255859, 8472.675781, 17061.222656, -36172.710938, 169.929306
7.850000, -10506.659180, -18993.839844, 8487.180664, 17036.437500, -36133.242188, 170.220230
7.860001, -10476.798828, -18980.724609, 8503.925781, 17007.632812, -36092.050781, 170.556061
7.870000, -10446.843750, -18969.177734, 8522.333984, 16975.478516, -36049.089844, 170.925278
7.880001, -10416.893555, -18959.425781, 8542.532227, 16939.818359, -36004.398438, 171.330353
7.890000, -10387.007812, -18951.923828, 8564.916016, 16900.263672, -35958.089844, 171.779297
7.900001, -10357.080078, -18946.783203, 8589.703125, 16856.818359, -35910.242188, 172.276443
7.910000, -10327.135742, -18943.601562, 8616.465820, 16810.406250, -35861.414062, 172.813187
7.920001, -10297.213867, -18941.205078, 8643.991211, 16762.824219, -35812.210938, 173.365250
7.930000, -10267.314453, -18937.767578, 8670.453125, 16716.744141, -35763.414062, 173.895966
7.940001, -10237.458984, -18931.281250, 8693.822266, 16675.050781, -35715.988281, 174.364655
7.950000, -10207.490234, -18919.931641, 8712.441406, 16640.210938, -35670.574219, 174.738098
7.960001, -10177.594727, -18903.066406, 8725.471680, 16613.376953, -35627.648438, 174.999420
7.970000, -10147.662109, -18881.103516, 8733.441406, 16594.150391, -35587.226562, 175.159271
7.980000, -10117.710938, -18855.832031, 8738.121094, 16580.351562, -35548.925781, 175.253128
7.990000, -10087.856445, -18829.560547, 8741.704102, 16569.160156, -35512.238281, 175.324997
8.000000, -10057.934570, -18803.728516, 8745.793945, 16558.574219, -35476.609375, 175.407028
8.010000, -10027.970703, -18778.730469, 8750.759766, 16547.810547, -35441.644531, 175.506622
8.020000, -9998.088867, -18754.337891, 8756.249023, 16536.958984, -35407.191406, 175.616714
8.030001, -9968.234375, -18730.214844, 8761.980469, 16526.236328, -35373.140625, 175.731644
8.040000, -9938.240234, -18706.220703, 8767.980469, 16515.474609, -35339.214844, 175.851990
8.050000, -9908.258789, -18682.958984, 8774.700195, 16504.015625, -35305.308594, 175.986771
8.060000, -9878.387695, -18661.431641, 8783.043945, 16490.779297, -35271.355469, 176.154099
8.070001, -9848.474609, -18642.554688, 8794.080078, 16474.599609, -35237.089844, 176.375458
8.080000, -9818.506836, -18626.597656, 8808.090820, 16455.335938, -35202.710938, 176.656464
8.090000, -9788.634766, -18612.207031, 8823.572266, 16434.916016, -35168.710938, 176.966949
8.100000, -9758.773438, -18596.638672, 8837.865234, 16416.685547, -35135.738281, 177.253616
8.110001, -9728.864258, -18577.732422, 8848.868164, 16403.312500, -35104.292969, 177.474304
8.120001, -9698.895508, -18555.363281, 8856.467773, 16395.003906, -35074.464844, 177.626724
8.130000, -9668.988281, -18531.195312, 8862.207031, 16390.041016, -35046.175781, 177.741821
8.140000, -9639.102539, -18506.560547, 8867.458008, 16386.746094, -35019.101562, 177.847137
8.150001, -9609.131836, -18481.339844, 8872.208008, 16384.931641, -34992.937500, 177.942383
8.160001, -9579.243164, -18455.423828, 8876.180664, 16384.652344, -34967.593750, 178.022079
8.170000, -9549.264648, -18429.402344, 8880.137695, 16384.927734, -34942.726562, 178.101440
8.180000, -9519.383789, -18404.898438, 8885.514648, 16383.727539, -34917.863281, 178.209259
8.190001, -9489.436523, -18382.789062, 8893.352539, 16379.792969, -34892.703125, 178.366470
8.200001, -9459.517578, -18362.599609, 8903.082031, 16373.537109, -34867.125000, 178.561615
8.210000, -9429.572266, -18342.791016, 8913.218750, 16366.701172, -34841.367188, 178.764923
8.220000, -9399.667969, -18322.369141, 8922.701172, 16360.260742, -34815.382812, 178.955093
8.230000, -9369.746094, -18301.638672, 8931.892578, 16353.742188, -34789.023438, 179.139450
8.240001, -9339.875000, -18281.960938, 8942.085938, 16345.422852, -34761.917969, 179.343887
8.250000, -9309.977539, -18264.603516, 8954.625977, 16333.558594, -34733.597656, 179.595398
8.260000, -9279.999023, -18250.292969, 8970.293945, 16317.223633, -34703.835938, 179.909622
8.270000, -9250.185547, -18238.767578, 8988.582031, 16296.941406, -34672.960938, 180.276413
8.280001, -9220.181641, -18227.970703, 9007.789062, 16274.903320, -34641.039062, 180.661621
8.290000, -9190.271484, -18216.242188, 9025.970703, 16253.505859, -34608.792969, 181.026276
8.300000, -9160.419922, -18202.072266, 9041.652344, 16234.778320, -34576.835938, 181.340805
8.310000, -9130.400391, -18184.496094, 9054.095703, 16219.900391, -34545.296875, 181.590363
8.320001, -9100.591797, -18163.546875, 9062.955078, 16209.334961, -34514.734375, 181.768051
8.330000, -9070.625000, -18138.951172, 9068.326172, 16203.087891, -34484.812500, 181.875778
8.340000, -9040.705078, -18111.701172, 9070.996094, 16200.083008, -34455.484375, 181.929321
8.350000, -9010.831055, -18083.265625, 9072.434570, 16198.439453, -34426.320312, 181.958176
8.360001, -8980.941406, -18055.150391, 9074.208984, 16196.087891, -34396.808594, 181.993774
8.370001, -8950.976562, -18028.425781, 9077.449219, 16191.309570, -34366.257812, 182.058731
8.380000, -8921.037109, -18004.195312, 9083.158203, 16182.691406, -34334.382812, 182.173248
8.390000, -8891.062500, -17983.302734, 9092.240234, 16168.987305, -34300.761719, 182.355392
8.400001, -8861.148438, -17966.736328, 9105.587891, 16149.079102, -34265.222656, 182.623108
8.410001, -8831.277344, -17954.677734, 9123.400391, 16122.861328, -34227.933594, 182.980362
8.420000, -8801.280273, -17946.162109, 9144.881836, 16091.630859, -34189.144531, 183.411194
8.430000, -8771.406250, -17939.726562, 9168.320312, 16057.642578, -34149.718750, 183.881271
8.440001, -8741.521484, -17933.160156, 9191.638672, 16023.966797, -34110.453125, 184.348953
8.450001, -8711.644531, -17924.238281, 9212.593750, 15993.716797, -34072.246094, 184.769241
8.460000, -8681.686523, -17910.759766, 9229.073242, 15969.812500, -34035.871094, 185.099747
8.470000, -8651.761719, -17891.121094, 9239.359375, 15954.565430, -34002.003906, 185.306030
8.480000, -8621.821289, -17864.367188, 9242.545898, 15949.112305, -33970.792969, 185.369965
8.490001, -8591.903320, -17831.050781, 9239.147461, 15952.717773, -33942.085938, 185.301788
8.500000, -8561.975586, -17793.193359, 9231.217773, 15962.662109, -33915.179688, 185.142746
8.510000, -8532.044922, -17753.601562, 9221.556641, 15975.109375, -33889.085938, 184.948990
8.520000, -8502.098633, -17714.585938, 9212.487305, 15986.838867, -33862.835938, 184.767090
8.530001, -8472.163086, -17678.001953, 9205.838867, 15995.187500, -33835.621094, 184.633759
8.540000, -8442.252930, -17645.683594, 9203.430664, 15997.564453, -33806.722656, 184.585464
8.550000, -8412.409180, -17619.318359, 9206.909180, 15991.684570, -33775.492188, 184.655212
8.560000, -8382.432617, -17598.962891, 9216.530273, 15977.280273, -33741.800781, 184.848175
8.570001, -8352.580078, -17583.685547, 9231.105469, 15955.707031, -33706.000000, 185.140503
8.580001, -8322.651367, -17571.705078, 9249.053711, 15929.103516, -33668.445312, 185.500488
8.590000, -8292.753906, -17561.660156, 9268.906250, 15899.442383, -33629.789062, 185.898651
8.600000, -8262.850586, -17552.175781, 9289.325195, 15868.667969, -33590.621094, 186.308151
8.610001, -8232.820312, -17541.945312, 9309.125000, 15838.537109, -33551.328125, 186.705276
8.620001, -8202.996094, -17530.222656, 9327.226562, 15810.494141, -33512.621094, 187.068329
8.630000, -8173.003906, -17516.048828, 9343.044922, 15785.371094, -33474.425781, 187.385590
8.640000, -8143.102539, -17499.742188, 9356.639648, 15763.103516, -33436.945312, 187.658249
8.650001, -8113.174805, -17481.701172, 9368.526367, 15742.849609, -33399.746094, 187.896637
8.660001, -8083.276367, -17462.816406, 9379.540039, 15723.498047, -33362.570312, 188.117538
8.670000, -8053.373047, -17443.738281, 9390.365234, 15704.013672, -33325.113281, 188.334656
8.680000, -8023.471680, -17425.091797, 9401.620117, 15683.473633, -33287.042969, 188.560364
8.690001, -7993.578125, -17407.517578, 9413.939453, 15660.938477, -33248.050781, 188.807449
8.700001, -7963.575195, -17391.259766, 9427.684570, 15635.983398, -33207.964844, 189.083130
8.710000, -7933.698242, -17376.605469, 9442.907227, 15608.479492, -33166.917969, 189.388428
8.720000, -7903.739258, -17363.316406, 9459.577148, 15578.575195, -33124.871094, 189.722778
8.730000, -7873.768555, -17351.537109, 9477.768555, 15546.290039, -33081.929688, 190.087616
8.740001, -7843.953125, -17341.367188, 9497.414062, 15511.951172, -33038.535156, 190.481628
8.750000, -7814.022461, -17332.007812, 9517.985352, 15476.442383, -32994.804688, 190.894211
8.760000, -7784.014648, -17322.531250, 9538.516602, 15441.289062, -32951.335938, 191.305984
8.770000, -7754.122070, -17311.990234, 9557.868164, 15408.083008, -32908.753906, 191.694107
8.780001, -7724.203125, -17299.275391, 9575.072266, 15378.227539, -32867.335938, 192.039154
8.790000, -7694.286133, -17283.681641, 9589.395508, 15352.781250, -32827.476562, 192.326431
8.800000, -7664.398438, -17264.935547, 9600.537109, 15332.145508, -32789.242188, 192.549881
8.810000, -7634.486328, -17243.169922, 9608.683594, 15315.867188, -32752.384766, 192.713257
8.820001, -7604.518555, -17219.449219, 9614.930664, 15302.390625, -32716.367188, 192.838577
8.830001, -7574.583984, -17195.691406, 9621.107422, 15289.130859, -32680.544922, 192.962448
8.840000, -7544.676758, -17174.166016, 9629.489258, 15273.040039, -32644.107422, 193.130539
8.850000, -7514.839844, -17156.632812, 9641.792969, 15251.752930, -32606.462891, 193.377319
8.860001, -7484.889648, -17143.767578, 9658.877930, 15224.058594, -32567.115234, 193.719986
8.870001, -7454.982422, -17135.443359, 9680.460938, 15190.289062, -32526.236328, 194.152847
8.880000, -7425.072266, -17130.654297, 9705.582031, 15151.804688, -32484.189453, 194.656677
8.890000, -7395.162109, -17127.855469, 9732.693359, 15110.891602, -32441.681641, 195.200439
8.900001, -7365.184570, -17125.087891, 9759.903320, 15070.252930, -32399.519531, 195.746140
8.910001, -7335.305664, -17120.376953, 9785.071289, 15033.013672, -32358.791016, 196.250931
8.920000, -7305.388672, -17111.458984, 9806.070312, 15002.296875, -32320.388672, 196.672089
8.930000, -7275.476562, -17096.771484, 9821.294922, 14980.386719, -32285.058594, 196.977432
8.940001, -7245.642578, -17075.269531, 9829.626953, 14968.982422, -32253.365234, 197.144547
8.950001, -7215.670898, -17046.068359, 9830.397461, 14968.774414, -32225.248047, 197.160004
8.960000, -7185.773438, -17009.996094, 9824.222656, 14978.896484, -32200.546875, 197.036163
8.970000, -7155.748047, -16969.238281, 9813.490234, 14996.029297, -32178.191406, 196.820892
8.980000, -7125.873047, -16927.773438, 9801.900391, 15015.365234, -32157.322266, 196.588470
8.990001, -7095.985352, -16888.630859, 9792.645508, 15032.566406, -32136.664062, 196.402847
9.000000, -7066.086914, -16852.611328, 9786.524414, 15046.219727, -32115.568359, 196.280075
9.010000, -7036.131836, -16818.060547, 9781.928711, 15057.712891, -32093.802734, 196.187912
9.020000, -7006.215820, -16782.937500, 9776.721680, 15069.106445, -32071.382812, 196.083466
9.030001, -6976.296875, -16746.835938, 9770.539062, 15080.424805, -32047.876953, 195.959473
9.040000, -6946.372070, -16712.105469, 9765.733398, 15088.442383, -32022.486328, 195.863083
9.050000, -6916.450195, -16682.832031, 9766.381836, 15088.084961, -31994.138672, 195.876099
9.060000, -6886.471680, -16661.798828, 9775.327148, 15075.730469, -31962.085938, 196.055481
9.070001, -6856.576172, -16648.292969, 9791.716797, 15052.389648, -31926.582031, 196.384201
9.080001, -6826.643555, -16638.490234, 9811.846680, 15022.388672, -31888.085938, 196.787933
9.090000, -6796.745117, -16629.347656, 9832.602539, 14989.517578, -31847.455078, 197.204224
9.100000, -6766.855469, -16621.017578, 9854.162109, 14954.003906, -31804.906250, 197.636627
9.110001, -6736.977539, -16616.119141, 9879.141602, 14913.113281, -31760.482422, 198.137619
9.120001, -6706.988281, -16615.212891, 9908.224609, 14866.823242, -31714.634766, 198.720932
9.130000, -6677.120117, -16614.492188, 9937.372070, 14820.250977, -31668.681641, 199.305496
9.140000, -6647.210938, -16608.398438, 9961.187500, 14780.323242, -31624.017578, 199.783142
9.150001, -6617.331055, -16594.464844, 9977.133789, 14750.491211, -31581.625000, 200.102966
9.160001, -6587.403320, -16573.773438, 9986.370117, 14729.544922, -31541.394531, 200.288208
9.170000, -6557.429688, -16550.230469, 9992.800781, 14712.869141, -31502.544922, 200.417175
9.180000, -6527.487305, -16528.314453, 10000.827148, 14694.985352, -31464.128906, 200.578156
9.190001, -6497.592773, -16511.439453, 10013.846680, 14671.575195, -31425.257812, 200.839279
9.200001, -6467.685547, -16501.134766, 10033.449219, 14640.674805, -31385.441406, 201.232437
9.210000, -6437.787109, -16496.927734, 10059.140625, 14602.878906, -31344.818359, 201.747696
9.220000, -6407.779297, -16496.136719, 10088.357422, 14561.493164, -31304.087891, 202.333664
9.230000, -6377.879883, -16494.712891, 10116.833008, 14521.970703, -31264.550781, 202.904785
9.240001, -6347.974609, -16488.335938, 10140.361328, 14489.687500, -31227.310547, 203.376678
9.250000, -6318.087891, -16474.210938, 10156.123047, 14468.260742, -31193.177734, 203.692795
9.260000, -6288.128906, -16451.425781, 10163.296875, 14458.620117, -31162.193359, 203.836685
9.270000, -6258.298828, -16421.408203, 10163.109375, 14459.106445, -31134.089844, 203.832916
9.280001, -6228.385742, -16386.849609, 10158.463867, 14465.725586, -31107.607422, 203.739731
9.290001, -6198.419922, -16351.768555, 10153.348633, 14473.124023, -31081.373047, 203.637161
9.300000, -6168.449219, -16320.133789, 10151.684570, 14475.972656, -31054.048828, 203.603790
9.310000, -6138.549805, -16294.579102, 10156.029297, 14470.700195, -31024.677734, 203.690933
9.320001, -6108.610352, -16275.035156, 10166.424805, 14456.981445, -30992.917969, 203.899414
9.330001, -6078.688477, -16259.141602, 10180.453125, 14437.563477, -30959.085938, 204.180771
9.340000, -6048.768555, -16243.762695, 10194.994141, 14416.184570, -30923.804688, 204.472412
9.350000, -6018.964844, -16227.208008, 10208.243164, 14395.144531, -30887.683594, 204.738144
9.360001, -5988.930664, -16208.961914, 10220.031250, 14374.717773, -30850.525391, 204.974548
9.370001, -5959.065430, -16190.509766, 10231.444336, 14353.761719, -30812.621094, 205.203461
9.380000, -5929.133789, -16172.848633, 10243.714844, 14330.692383, -30773.376953, 205.449570
9.390000, -5899.227539, -16157.204102, 10257.976562, 14304.073242, -30732.658203, 205.735596
9.400001, -5869.262695, -16144.510742, 10275.248047, 14272.715820, -30690.113281, 206.081970
9.410001, -5839.400391, -16135.747070, 10296.346680, 14235.634766, -30645.816406, 206.505142
9.420000, -5809.404297, -16130.851562, 10321.447266, 14192.992188, -30599.816406, 207.008560
9.430000, -5779.538086, -16128.960938, 10349.422852, 14146.541016, -30553.005859, 207.569641
9.440001, -5749.585938, -16127.360352, 10377.774414, 14099.734375, -30506.134766, 208.138275
9.450001, -5719.666992, -16122.761719, 10403.094727, 14057.254883, -30460.623047, 208.646088
9.460000, -5689.865234, -16111.949219, 10422.083984, 14023.588867, -30417.677734, 209.026947
9.470000, -5659.972656, -16092.306641, 10432.333984, 14001.971680, -30377.974609, 209.232529
9.480000, -5629.941406, -16062.892578, 10432.951172, 13993.655273, -30341.843750, 209.244904
9.490001, -5600.055664, -16024.777344, 10424.721680, 13997.408203, -30309.052734, 209.079849
9.500000, -5570.101562, -15980.270508, 10410.168945, 14009.896484, -30278.630859, 208.787979
9.510000, -5540.171875, -15932.858398, 10392.686523, 14026.335938, -30249.246094, 208.437363
9.520000, -5510.241211, -15886.185547, 10375.944336, 14041.774414, -30219.607422, 208.101562
9.530001, -5480.305664, -15842.796875, 10362.491211, 14052.425781, -30188.470703, 207.831757
9.540001, -5450.425781, -15803.738281, 10353.312500, 14056.497070, -30155.095703, 207.647659
9.550000, -5420.541992, -15768.947266, 10348.405273, 14053.455078, -30118.880859, 207.549240
9.560000, -5390.569336, -15739.312500, 10348.743164, 14041.989258, -30079.414062, 207.556030
9.570001, -5360.646484, -15717.275391, 10356.628906, 14019.274414, -30036.289062, 207.714188
9.580001, -5330.752930, -15705.024414, 10374.271484, 13983.056641, -29989.464844, 208.068024
9.590000, -5300.852539, -15701.716797, 10400.864258, 13934.834961, -29939.591797, 208.601379
9.600000, -5270.920898, -15703.420898, 10432.500000, 13879.925781, -29888.044922, 209.235855
9.610001, -5241.027344, -15705.254883, 10464.227539, 13824.936523, -29836.541016, 209.872208
9.620001, -5211.069336, -15703.142578, 10492.073242, 13775.502930, -29786.669922, 210.430664
9.630000, -5181.156250, -15694.884766, 10513.728516, 13734.900391, -29739.503906, 210.864975
9.640000, -5151.249023, -15680.041992, 10528.792969, 13704.161133, -29695.591797, 211.167130
9.650001, -5121.297852, -15659.752930, 10538.455078, 13681.877930, -29654.728516, 211.360916
9.660001, -5091.374023, -15636.568359, 10545.194336, 13665.158203, -29616.509766, 211.496094
9.670000, -5061.542969, -15613.645508, 10552.102539, 13650.047852, -29580.197266, 211.634613
9.680000, -5031.576172, -15593.063477, 10561.487305, 13633.641602, -29544.914062, 211.822845
9.690001, -5001.666992, -15575.703125, 10574.036133, 13614.861328, -29510.488281, 212.074539
9.700001, -4971.709961, -15560.397461, 10588.687500, 13594.761719, -29476.820312, 212.368393
9.710000, -4941.816406, -15545.300781, 10603.484375, 13575.654297, -29444.347656, 212.665146
9.720000, -4911.932617, -15528.206055, 10616.273438, 13559.917969, -29413.253906, 212.921661
9.730000, -4882.000977, -15507.731445, 10625.730469, 13549.118164, -29383.726562, 213.111328
9.740001, -4852.012695, -15483.615234, 10631.602539, 13543.353516, -29355.609375, 213.229080
9.750000, -4822.141602, -15456.743164, 10634.601562, 13541.380859, -29328.523438, 213.289246
9.760000, -4792.125977, -15428.303711, 10636.177734, 13541.321289, -29301.794922, 213.320862
9.770000, -4762.278320, -15400.025391, 10637.747070, 13540.964844, -29274.912109, 213.352325
9.780001, -4732.342773, -15372.646484, 10640.303711, 13538.983398, -29247.351562, 213.403610
9.790001, -4702.452148, -15346.466797, 10644.014648, 13534.877930, -29218.835938, 213.478027
9.800000, -4672.557617, -15321.274414, 10648.716797, 13528.686523, -29189.259766, 213.572342
9.810000, -4642.625000, -15297.500000, 10654.875000, 13519.800781, -29158.404297, 213.695847
9.820001, -4612.631836, -15276.151367, 10663.519531, 13507.209961, -29126.253906, 213.869232
9.830001, -4582.759766, -15257.851562, 10675.091797, 13490.342773, -29092.906250, 214.101318
9.840000, -4552.849609, -15241.755859, 10688.906250, 13470.332031, -29058.628906, 214.378403
9.850000, -4522.975586, -15226.421875, 10703.446289, 13449.184570, -29023.958984, 214.670013
9.860001, -4493.064453, -15210.035156, 10716.970703, 13429.167969, -28989.390625, 214.941254
9.870001, -4463.115234, -15191.101562, 10727.986328, 13412.230469, -28955.351562, 215.162186
9.880000, -4433.270508, -15168.896484, 10735.625977, 13399.360352, -28922.123047, 215.315399
9.890000, -4403.330078, -15143.669922, 10740.339844, 13390.017578, -28889.398438, 215.409958
9.900001, -4373.324219, -15116.360352, 10743.036133, 13382.916016, -28856.861328, 215.464020
9.910001, -4343.363281, -15087.668945, 10744.305664, 13376.965820, -28824.125000, 215.489487
9.920000, -4313.551758, -15057.871094, 10744.319336, 13371.659180, -28790.857422, 215.489761
9.930000, -4283.599609, -15027.169922, 10743.570312, 13366.026367, -28756.394531, 215.474731
9.940001, -4253.663086, -14997.341797, 10743.678711, 13357.768555, -28720.203125, 215.476913
9.950001, -4223.738281, -14971.013672, 10747.275391, 13343.538086, -28681.535156, 215.549042
9.960000, -4193.823242, -14951.130859, 10757.307617, 13319.718750, -28639.738281, 215.750259
9.970000, -4163.905273, -14939.447266, 10775.541992, 13284.277344, -28594.496094, 216.115967
9.980000, -4134.041016, -14935.511719, 10801.470703, 13238.096680, -28546.314453, 216.636002
9.990001, -4104.083984, -14937.449219, 10833.365234, 13183.765625, -28495.839844, 217.275681
